Interval, Interval (UTC),Smoke.Average
30/09/2022 01:30 PM,30/09/2022 08:00 AM,48.03346469838735
30/09/2022 02:00 PM,30/09/2022 08:30 AM,50.48778873490388
30/09/2022 02:30 PM,30/09/2022 09:00 AM,51.07541811923017
30/09/2022 03:00 PM,30/09/2022 09:30 AM,48.496175582197004
30/09/2022 03:30 PM,30/09/2022 10:00 AM,49.76930757126724
30/09/2022 04:00 PM,30/09/2022 10:30 AM,51.4330598282404
30/09/2022 04:30 PM,30/09/2022 11:00 AM,48.36137826730555
30/09/2022 05:00 PM,30/09/2022 11:30 AM,51.54250829362473
30/09/2022 05:30 PM,30/09/2022 12:00 PM,49.36476806416306
30/09/2022 06:00 PM,30/09/2022 12:30 PM,48.464302592227575
30/09/2022 06:30 PM,30/09/2022 01:00 PM,52.7160026478055
30/09/2022 07:00 PM,30/09/2022 01:30 PM,48.42078292688668
30/09/2022 07:30 PM,30/09/2022 02:00 PM,50.08392331488687
30/09/2022 08:00 PM,30/09/2022 02:30 PM,51.442163810789935
30/09/2022 08:30 PM,30/09/2022 03:00 PM,48.883674458206336
30/09/2022 09:00 PM,30/09/2022 03:30 PM,49.12753751737642
30/09/2022 09:30 PM,30/09/2022 04:00 PM,52.07490662969402
30/09/2022 10:00 PM,30/09/2022 04:30 PM,48.096290660897694
30/09/2022 10:30 PM,30/09/2022 05:00 PM,50.94317645361883
30/09/2022 11:00 PM,30/09/2022 05:30 PM,50.67382312108679
30/09/2022 11:30 PM,30/09/2022 06:00 PM,47.55101712475343
01/10/2022 12:00 AM,30/09/2022 06:30 PM,52.293696367864975
01/10/2022 12:30 AM,30/09/2022 07:00 PM,49.77656702957052
01/10/2022 01:00 AM,30/09/2022 07:30 PM,48.570042395930784
01/10/2022 01:30 AM,30/09/2022 08:00 PM,52.163969592705996
01/10/2022 02:00 AM,30/09/2022 08:30 PM,49.26751287841112
01/10/2022 02:30 AM,30/09/2022 09:00 PM,48.77871653147144
01/10/2022 03:00 AM,30/09/2022 09:30 PM,51.26775920726768
01/10/2022 03:30 AM,30/09/2022 10:00 PM,49.56100809588491
01/10/2022 04:00 AM,30/09/2022 10:30 PM,48.28355614126799
01/10/2022 04:30 AM,30/09/2022 11:00 PM,52.919090240010476
01/10/2022 05:00 AM,30/09/2022 11:30 PM,47.76289823405236
01/10/2022 05:30 AM,01/10/2022 12:00 AM,50.60243555563908
01/10/2022 06:00 AM,01/10/2022 12:30 AM,51.25283352943308
01/10/2022 06:30 AM,01/10/2022 01:00 AM,47.44052184718647
01/10/2022 07:00 AM,01/10/2022 01:30 AM,51.91605191739074
01/10/2022 07:30 AM,01/10/2022 02:00 AM,50.33722330430542
01/10/2022 08:00 AM,01/10/2022 02:30 AM,48.52389673235615
01/10/2022 08:30 AM,01/10/2022 03:00 AM,51.07283873109126
01/10/2022 09:00 AM,01/10/2022 03:30 AM,50.478137565187545
01/10/2022 09:30 AM,01/10/2022 04:00 AM,47.816880793111814
01/10/2022 10:00 AM,01/10/2022 04:30 AM,51.754099190691846
01/10/2022 10:30 AM,01/10/2022 05:00 AM,49.47951538299216
01/10/2022 11:00 AM,01/10/2022 05:30 AM,49.099419560355166
01/10/2022 11:30 AM,01/10/2022 06:00 AM,52.16480845554069
01/10/2022 12:00 PM,01/10/2022 06:30 AM,47.59355636683389
01/10/2022 12:30 PM,01/10/2022 07:00 AM,51.039015509489694
01/10/2022 01:00 PM,01/10/2022 07:30 AM,51.25820187017695
01/10/2022 01:30 PM,01/10/2022 08:00 AM,48.34230109915111
01/10/2022 02:00 PM,01/10/2022 08:30 AM,50.870306238979566
01/10/2022 02:30 PM,01/10/2022 09:00 AM,50.84869815415046
01/10/2022 03:00 PM,01/10/2022 09:30 AM,47.90748363191051
01/10/2022 03:30 PM,01/10/2022 10:00 AM,50.882101198942735
01/10/2022 04:00 PM,01/10/2022 10:30 AM,50.88663216812419
01/10/2022 04:30 PM,01/10/2022 11:00 AM,48.12602522983128
01/10/2022 05:00 PM,01/10/2022 11:30 AM,52.31707496918824
01/10/2022 05:30 PM,01/10/2022 12:00 PM,47.958760328926274
01/10/2022 06:00 PM,01/10/2022 12:30 PM,50.11914700435862
01/10/2022 06:30 PM,01/10/2022 01:00 PM,51.94118803051339
01/10/2022 07:00 PM,01/10/2022 01:30 PM,48.30278182944912
01/10/2022 07:30 PM,01/10/2022 02:00 PM,50.55330917715872
01/10/2022 08:00 PM,01/10/2022 02:30 PM,51.16024319960999
01/10/2022 08:30 PM,01/10/2022 03:00 PM,48.08755016115748
01/10/2022 09:00 PM,01/10/2022 03:30 PM,50.00921725298704
01/10/2022 09:30 PM,01/10/2022 04:00 PM,51.629795749202366
01/10/2022 10:00 PM,01/10/2022 04:30 PM,47.3540270215473
01/10/2022 10:30 PM,01/10/2022 05:00 PM,52.549808994774985
01/10/2022 11:00 PM,01/10/2022 05:30 PM,49.31395994494617
01/10/2022 11:30 PM,01/10/2022 06:00 PM,48.1106742774769
02/10/2022 12:00 AM,01/10/2022 06:30 PM,52.58833810372989
02/10/2022 12:30 AM,01/10/2022 07:00 PM,48.40530059536618
02/10/2022 01:00 AM,01/10/2022 07:30 PM,49.724055239459034
02/10/2022 01:30 AM,01/10/2022 08:00 PM,51.7338767908745
02/10/2022 02:00 AM,01/10/2022 08:30 PM,49.09556543362748
02/10/2022 02:30 AM,01/10/2022 09:00 PM,49.18122846527802
02/10/2022 03:00 AM,01/10/2022 09:30 PM,51.75049004562783
02/10/2022 03:30 AM,01/10/2022 10:00 PM,48.86055260618364
02/10/2022 04:00 AM,01/10/2022 10:30 PM,48.92713718132648
02/10/2022 04:30 AM,01/10/2022 11:00 PM,52.54662588970581
02/10/2022 05:00 AM,01/10/2022 11:30 PM,47.59816713926617
02/10/2022 05:30 AM,02/10/2022 12:00 AM,51.11587877786281
02/10/2022 06:00 AM,02/10/2022 12:30 AM,50.90944047750032
02/10/2022 06:30 AM,02/10/2022 01:00 AM,47.59197816395105
02/10/2022 07:00 AM,02/10/2022 01:30 AM,52.2682443859341
02/10/2022 07:30 AM,02/10/2022 02:00 AM,49.934544121434364
02/10/2022 08:00 AM,02/10/2022 02:30 AM,48.662830219629086
02/10/2022 08:30 AM,02/10/2022 03:00 AM,51.256064193246694
02/10/2022 09:00 AM,02/10/2022 03:30 AM,50.021517612072756
02/10/2022 09:30 AM,02/10/2022 04:00 AM,47.90589109782218
02/10/2022 10:00 AM,02/10/2022 04:30 AM,51.853358063659925
02/10/2022 10:30 AM,02/10/2022 05:00 AM,49.64277412134138
02/10/2022 11:00 AM,02/10/2022 05:30 AM,49.42004712569155
02/10/2022 11:30 AM,02/10/2022 06:00 AM,51.875055932971044
02/10/2022 12:00 PM,02/10/2022 06:30 AM,47.36536279949491
02/10/2022 12:30 PM,02/10/2022 07:00 AM,50.948276664727835
02/10/2022 01:00 PM,02/10/2022 07:30 AM,51.171187804232794
02/10/2022 01:30 PM,02/10/2022 08:00 AM,48.034181929183084
02/10/2022 02:00 PM,02/10/2022 08:30 AM,51.3424614085886
02/10/2022 02:30 PM,02/10/2022 09:00 AM,50.63695703061273
02/10/2022 03:00 PM,02/10/2022 09:30 AM,48.31831330792722
02/10/2022 03:30 PM,02/10/2022 10:00 AM,50.62362801414301
02/10/2022 04:00 PM,02/10/2022 10:30 AM,51.14187013356936
02/10/2022 04:30 PM,02/10/2022 11:00 AM,47.45322298558892
02/10/2022 05:00 PM,02/10/2022 11:30 AM,52.10737932413929
02/10/2022 05:30 PM,02/10/2022 12:00 PM,49.12706822022788
02/10/2022 06:00 PM,02/10/2022 12:30 PM,48.94566844412788
02/10/2022 06:30 PM,02/10/2022 01:00 PM,52.547313865339156
02/10/2022 07:00 PM,02/10/2022 01:30 PM,47.98210295119964
02/10/2022 07:30 PM,02/10/2022 02:00 PM,50.60939136855484
02/10/2022 08:00 PM,02/10/2022 02:30 PM,51.51022917227363
02/10/2022 08:30 PM,02/10/2022 03:00 PM,48.565608644279365
02/10/2022 09:00 PM,02/10/2022 03:30 PM,49.75337325130471
02/10/2022 09:30 PM,02/10/2022 04:00 PM,51.42512883217316
02/10/2022 10:00 PM,02/10/2022 04:30 PM,48.125737409239825
02/10/2022 10:30 PM,02/10/2022 05:00 PM,50.00143130209966
02/10/2022 11:00 PM,02/10/2022 05:30 PM,52.00713748602477
02/10/2022 11:30 PM,02/10/2022 06:00 PM,47.747767553382836
03/10/2022 12:00 AM,02/10/2022 06:30 PM,52.01925371021417
03/10/2022 12:30 AM,02/10/2022 07:00 PM,49.308075572154614
03/10/2022 01:00 AM,02/10/2022 07:30 PM,48.48176364370432
03/10/2022 01:30 AM,02/10/2022 08:00 PM,52.49235551210663
03/10/2022 02:00 AM,02/10/2022 08:30 PM,48.8195596904628
03/10/2022 02:30 AM,02/10/2022 09:00 PM,49.510264325362165
03/10/2022 03:00 AM,02/10/2022 09:30 PM,51.508930122499656
03/10/2022 03:30 AM,02/10/2022 10:00 PM,49.33896841119073
03/10/2022 04:00 AM,02/10/2022 10:30 PM,48.583399417560564
03/10/2022 04:30 AM,02/10/2022 11:00 PM,52.27432881488475
03/10/2022 05:00 AM,02/10/2022 11:30 PM,48.5721965559176
03/10/2022 05:30 AM,03/10/2022 12:00 AM,49.491693518028846
03/10/2022 06:00 AM,03/10/2022 12:30 AM,51.79250210025524
03/10/2022 06:30 AM,03/10/2022 01:00 AM,47.39097968232136
03/10/2022 07:00 AM,03/10/2022 01:30 AM,51.75048627741335
03/10/2022 07:30 AM,03/10/2022 02:00 AM,50.69766650463995
03/10/2022 08:00 AM,03/10/2022 02:30 AM,48.16247748055569
03/10/2022 08:30 AM,03/10/2022 03:00 AM,51.93242082718246
03/10/2022 09:00 AM,03/10/2022 03:30 AM,49.88017581953642
03/10/2022 09:30 AM,03/10/2022 04:00 AM,48.45668073497155
03/10/2022 10:00 AM,03/10/2022 04:30 AM,50.938048633459964
03/10/2022 10:30 AM,03/10/2022 05:00 AM,50.37639038187572
03/10/2022 11:00 AM,03/10/2022 05:30 AM,47.684323191360335
03/10/2022 11:30 AM,03/10/2022 06:00 AM,52.484716832157204
03/10/2022 12:00 PM,03/10/2022 06:30 AM,49.039883705906924
03/10/2022 12:30 PM,03/10/2022 07:00 AM,49.27503187521248
03/10/2022 01:00 PM,03/10/2022 07:30 AM,52.18249464554216
03/10/2022 01:30 PM,03/10/2022 08:00 AM,47.60035029057386
03/10/2022 02:00 PM,03/10/2022 08:30 AM,50.92201191940631
03/10/2022 02:30 PM,03/10/2022 09:00 AM,51.431700800042854
03/10/2022 03:00 PM,03/10/2022 09:30 AM,48.24023167223623
03/10/2022 03:30 PM,03/10/2022 10:00 AM,50.73236334885231
03/10/2022 04:00 PM,03/10/2022 10:30 AM,50.966846072538004
03/10/2022 04:30 PM,03/10/2022 11:00 AM,48.286905300484165
03/10/2022 05:00 PM,03/10/2022 11:30 AM,50.08452022006848
03/10/2022 05:30 PM,03/10/2022 12:00 PM,51.7080288976559
03/10/2022 06:00 PM,03/10/2022 12:30 PM,47.46222439281564
03/10/2022 06:30 PM,03/10/2022 01:00 PM,51.98109356502267
03/10/2022 07:00 PM,03/10/2022 01:30 PM,49.30314855002627
03/10/2022 07:30 PM,03/10/2022 02:00 PM,48.58121254038715
03/10/2022 08:00 PM,03/10/2022 02:30 PM,52.784916966236125
03/10/2022 08:30 PM,03/10/2022 03:00 PM,48.3814503176087
03/10/2022 09:00 PM,03/10/2022 03:30 PM,49.79482674911097
03/10/2022 09:30 PM,03/10/2022 04:00 PM,51.57039875239894
03/10/2022 10:00 PM,03/10/2022 04:30 PM,48.7528118962259
03/10/2022 10:30 PM,03/10/2022 05:00 PM,49.356955701358096
03/10/2022 11:00 PM,03/10/2022 05:30 PM,51.41809059102484
03/10/2022 11:30 PM,03/10/2022 06:00 PM,49.47139559396302
04/10/2022 12:00 AM,03/10/2022 06:30 PM,48.60027089151532
04/10/2022 12:30 AM,03/10/2022 07:00 PM,52.22797218944518
04/10/2022 01:00 AM,03/10/2022 07:30 PM,49.187163420739374
04/10/2022 01:30 AM,03/10/2022 08:00 PM,49.3625658670821
04/10/2022 02:00 AM,03/10/2022 08:30 PM,51.62119030660781
04/10/2022 02:30 AM,03/10/2022 09:00 PM,47.877250233378845
04/10/2022 03:00 AM,03/10/2022 09:30 PM,50.85899835774942
04/10/2022 03:30 AM,03/10/2022 10:00 PM,51.62166765335967
04/10/2022 04:00 AM,03/10/2022 10:30 PM,47.509612392543175
04/10/2022 04:30 AM,03/10/2022 11:00 PM,51.53100356889582
04/10/2022 05:00 AM,03/10/2022 11:30 PM,50.39430463239416
04/10/2022 05:30 AM,04/10/2022 12:00 AM,48.196639314468605
04/10/2022 06:00 AM,04/10/2022 12:30 AM,50.817191952270726
04/10/2022 06:30 AM,04/10/2022 01:00 AM,50.869267800735194
04/10/2022 07:00 AM,04/10/2022 01:30 AM,48.39680433174604
04/10/2022 07:30 AM,04/10/2022 02:00 AM,50.60630992358221
04/10/2022 08:00 AM,04/10/2022 02:30 AM,51.646209898636265
04/10/2022 08:30 AM,04/10/2022 03:00 AM,47.558000471013685
04/10/2022 09:00 AM,04/10/2022 03:30 AM,51.68771529021947
04/10/2022 09:30 AM,04/10/2022 04:00 AM,49.848736018477304
04/10/2022 10:00 AM,04/10/2022 04:30 AM,48.30583178855699
04/10/2022 10:30 AM,04/10/2022 05:00 AM,52.43941734850091
04/10/2022 11:00 AM,04/10/2022 05:30 AM,49.29888249098553
04/10/2022 11:30 AM,04/10/2022 06:00 AM,48.38325549066153
04/10/2022 12:00 PM,04/10/2022 06:30 AM,52.47852443022924
04/10/2022 12:30 PM,04/10/2022 07:00 AM,48.61922910242629
04/10/2022 01:00 PM,04/10/2022 07:30 AM,49.169913627032344
04/10/2022 01:30 PM,04/10/2022 08:00 AM,51.610092241480764
04/10/2022 02:00 PM,04/10/2022 08:30 AM,49.326392938237866
04/10/2022 02:30 PM,04/10/2022 09:00 AM,48.95887709616858
04/10/2022 03:00 PM,04/10/2022 09:30 AM,51.64725200862253
04/10/2022 03:30 PM,04/10/2022 10:00 AM,48.66289027332723
04/10/2022 04:00 PM,04/10/2022 10:30 AM,50.375408679552294
04/10/2022 04:30 PM,04/10/2022 11:00 AM,51.30780742779404
04/10/2022 05:00 PM,04/10/2022 11:30 AM,48.576464315242326
04/10/2022 05:30 PM,04/10/2022 12:00 PM,50.07062511248834
04/10/2022 06:00 PM,04/10/2022 12:30 PM,52.035701912094304
04/10/2022 06:30 PM,04/10/2022 01:00 PM,47.43712254422747
04/10/2022 07:00 PM,04/10/2022 01:30 PM,51.00646129274858
04/10/2022 07:30 PM,04/10/2022 02:00 PM,50.98033783524493
04/10/2022 08:00 PM,04/10/2022 02:30 PM,47.78135172548488
04/10/2022 08:30 PM,04/10/2022 03:00 PM,51.246731430989854
04/10/2022 09:00 PM,04/10/2022 03:30 PM,50.743563560871706
04/10/2022 09:30 PM,04/10/2022 04:00 PM,48.64096870783418
04/10/2022 10:00 PM,04/10/2022 04:30 PM,50.45407398820725
04/10/2022 10:30 PM,04/10/2022 05:00 PM,50.04209963231049
04/10/2022 11:00 PM,04/10/2022 05:30 PM,49.13109022721363
04/10/2022 11:30 PM,04/10/2022 06:00 PM,51.484323317571985
05/10/2022 12:00 AM,04/10/2022 06:30 PM,49.94522729404965
05/10/2022 12:30 AM,04/10/2022 07:00 PM,48.553873311161965
05/10/2022 01:00 AM,04/10/2022 07:30 PM,51.632168517555776
05/10/2022 01:30 AM,04/10/2022 08:00 PM,50.31645838748697
05/10/2022 02:00 AM,04/10/2022 08:30 PM,47.86486146762942
05/10/2022 02:30 AM,04/10/2022 09:00 PM,52.21193049531308
05/10/2022 03:00 AM,04/10/2022 09:30 PM,49.51475996363498
05/10/2022 03:30 AM,04/10/2022 10:00 PM,48.05853973660313
05/10/2022 04:00 AM,04/10/2022 10:30 PM,52.20433275056292
05/10/2022 04:30 AM,04/10/2022 11:00 PM,49.25445227959886
05/10/2022 05:00 AM,04/10/2022 11:30 PM,48.96184228512627
05/10/2022 05:30 AM,05/10/2022 12:00 AM,51.66891517234104
05/10/2022 06:00 AM,05/10/2022 12:30 AM,48.4810544696163
05/10/2022 06:30 AM,05/10/2022 01:00 AM,50.137549021517636
05/10/2022 07:00 AM,05/10/2022 01:30 AM,51.6583599287245
05/10/2022 07:30 AM,05/10/2022 02:00 AM,48.71194512461005
05/10/2022 08:00 AM,05/10/2022 02:30 AM,50.03368376303309
05/10/2022 08:30 AM,05/10/2022 03:00 AM,51.635664038954104
05/10/2022 09:00 AM,05/10/2022 03:30 AM,49.15897746939399
05/10/2022 09:30 AM,05/10/2022 04:00 AM,48.822898088484116
05/10/2022 10:00 AM,05/10/2022 04:30 AM,51.87902485446768
05/10/2022 10:30 AM,05/10/2022 05:00 AM,48.61933373632147
05/10/2022 11:00 AM,05/10/2022 05:30 AM,48.763439830383504
05/10/2022 11:30 AM,05/10/2022 06:00 AM,52.663571397840805
05/10/2022 12:00 PM,05/10/2022 06:30 AM,48.47891781110018
05/10/2022 12:30 PM,05/10/2022 07:00 AM,49.63575716790681
05/10/2022 01:00 PM,05/10/2022 07:30 AM,52.274230777926704
05/10/2022 01:30 PM,05/10/2022 08:00 AM,47.196319770081665
05/10/2022 02:00 PM,05/10/2022 08:30 AM,50.98836305474118
05/10/2022 02:30 PM,05/10/2022 09:00 AM,51.7079650959119
05/10/2022 03:00 PM,05/10/2022 09:30 AM,47.69422494387424
05/10/2022 03:30 PM,05/10/2022 10:00 AM,51.076386607919886
05/10/2022 04:00 PM,05/10/2022 10:30 AM,51.079494238141905
05/10/2022 04:30 PM,05/10/2022 11:00 AM,48.209059849279804
05/10/2022 05:00 PM,05/10/2022 11:30 AM,50.44013926196607
05/10/2022 05:30 PM,05/10/2022 12:00 PM,51.096566664355585
05/10/2022 06:00 PM,05/10/2022 12:30 PM,48.61985429193302
05/10/2022 06:30 PM,05/10/2022 01:00 PM,49.717432131959136
05/10/2022 07:00 PM,05/10/2022 01:30 PM,51.96059016056842
05/10/2022 07:30 PM,05/10/2022 02:00 PM,48.11060010949695
05/10/2022 08:00 PM,05/10/2022 02:30 PM,49.92084069003124
05/10/2022 08:30 PM,05/10/2022 03:00 PM,52.34616832769103
05/10/2022 09:00 PM,05/10/2022 03:30 PM,47.87415128564641
05/10/2022 09:30 PM,05/10/2022 04:00 PM,50.48945163536423
05/10/2022 10:00 PM,05/10/2022 04:30 PM,51.00763252376196
05/10/2022 10:30 PM,05/10/2022 05:00 PM,47.635393839067525
05/10/2022 11:00 PM,05/10/2022 05:30 PM,51.78555875454979
05/10/2022 11:30 PM,05/10/2022 06:00 PM,51.07602826723877
06/10/2022 12:00 AM,05/10/2022 06:30 PM,47.62865180528772
06/10/2022 12:30 AM,05/10/2022 07:00 PM,51.55888536222212
06/10/2022 01:00 AM,05/10/2022 07:30 PM,50.32118907897839
06/10/2022 01:30 AM,05/10/2022 08:00 PM,47.83048176415273
06/10/2022 02:00 AM,05/10/2022 08:30 PM,51.03721372188868
06/10/2022 02:30 AM,05/10/2022 09:00 PM,50.76582264789482
06/10/2022 03:00 AM,05/10/2022 09:30 PM,48.69953183539525
06/10/2022 03:30 AM,05/10/2022 10:00 PM,50.49945721235377
06/10/2022 04:00 AM,05/10/2022 10:30 PM,51.4904043934389
06/10/2022 04:30 AM,05/10/2022 11:00 PM,48.328781211247154
06/10/2022 05:00 AM,05/10/2022 11:30 PM,49.9451209929955
06/10/2022 05:30 AM,06/10/2022 12:00 AM,50.90842565482204
06/10/2022 06:00 AM,06/10/2022 12:30 AM,48.60888453066519
06/10/2022 06:30 AM,06/10/2022 01:00 AM,51.12094658939884
06/10/2022 07:00 AM,06/10/2022 01:30 AM,50.77714650175034
06/10/2022 07:30 AM,06/10/2022 02:00 AM,48.048930133368465
06/10/2022 08:00 AM,06/10/2022 02:30 AM,51.393387625419244
06/10/2022 08:30 AM,06/10/2022 03:00 AM,50.948592063668706
06/10/2022 09:00 AM,06/10/2022 03:30 AM,47.361910932895995
06/10/2022 09:30 AM,06/10/2022 04:00 AM,51.51394574432161
06/10/2022 10:00 AM,06/10/2022 04:30 AM,50.43548214230086
06/10/2022 10:30 AM,06/10/2022 05:00 AM,47.65396403160731
06/10/2022 11:00 AM,06/10/2022 05:30 AM,51.822005111759495
06/10/2022 11:30 AM,06/10/2022 06:00 AM,50.59607260011463
06/10/2022 12:00 PM,06/10/2022 06:30 AM,48.61869699373397
06/10/2022 12:30 PM,06/10/2022 07:00 AM,51.07046741747987
06/10/2022 01:00 PM,06/10/2022 07:30 AM,50.7278983440973
06/10/2022 01:30 PM,06/10/2022 08:00 AM,47.73459815299227
06/10/2022 02:00 PM,06/10/2022 08:30 AM,52.196229111096464
06/10/2022 02:30 PM,06/10/2022 09:00 AM,49.43414949216478
06/10/2022 03:00 PM,06/10/2022 09:30 AM,48.95364283315521
06/10/2022 03:30 PM,06/10/2022 10:00 AM,51.27837745341313
06/10/2022 04:00 PM,06/10/2022 10:30 AM,50.06415999424754
06/10/2022 04:30 PM,06/10/2022 11:00 AM,48.305161598926254
06/10/2022 05:00 PM,06/10/2022 11:30 AM,51.23385487931561
06/10/2022 05:30 PM,06/10/2022 12:00 PM,50.642715556872446
06/10/2022 06:00 PM,06/10/2022 12:30 PM,47.605886653049055
06/10/2022 06:30 PM,06/10/2022 01:00 PM,51.71608719882692
06/10/2022 07:00 PM,06/10/2022 01:30 PM,50.54302046521186
06/10/2022 07:30 PM,06/10/2022 02:00 PM,47.696275009796544
06/10/2022 08:00 PM,06/10/2022 02:30 PM,52.21922625527001
06/10/2022 08:30 PM,06/10/2022 03:00 PM,50.153450339984765
06/10/2022 09:00 PM,06/10/2022 03:30 PM,47.64695407753427
06/10/2022 09:30 PM,06/10/2022 04:00 PM,52.60745901932649
06/10/2022 10:00 PM,06/10/2022 04:30 PM,48.7424331392217
06/10/2022 10:30 PM,06/10/2022 05:00 PM,49.31716631638659
06/10/2022 11:00 PM,06/10/2022 05:30 PM,52.42571877420599
06/10/2022 11:30 PM,06/10/2022 06:00 PM,48.746760792192354
07/10/2022 12:00 AM,06/10/2022 06:30 PM,48.93905664569453
07/10/2022 12:30 AM,06/10/2022 07:00 PM,51.519343711348085
07/10/2022 01:00 AM,06/10/2022 07:30 PM,49.32403835166366
07/10/2022 01:30 AM,06/10/2022 08:00 PM,48.84247067728331
07/10/2022 02:00 AM,06/10/2022 08:30 PM,51.329654601286755
07/10/2022 02:30 AM,06/10/2022 09:00 PM,50.3644830861403
07/10/2022 03:00 AM,06/10/2022 09:30 PM,48.25665455105942
07/10/2022 03:30 AM,06/10/2022 10:00 PM,51.339088821746664
07/10/2022 04:00 AM,06/10/2022 10:30 PM,50.85026521396341
07/10/2022 04:30 AM,06/10/2022 11:00 PM,47.709529449515394
07/10/2022 05:00 AM,06/10/2022 11:30 PM,51.840636032638265
07/10/2022 05:30 AM,07/10/2022 12:00 AM,49.37622112285154
07/10/2022 06:00 AM,07/10/2022 12:30 AM,48.72151917257394
07/10/2022 06:30 AM,07/10/2022 01:00 AM,52.32730399682443
07/10/2022 07:00 AM,07/10/2022 01:30 AM,49.51095354365403
07/10/2022 07:30 AM,07/10/2022 02:00 AM,48.445392621878405
07/10/2022 08:00 AM,07/10/2022 02:30 AM,52.498865572025586
07/10/2022 08:30 AM,07/10/2022 03:00 AM,48.68243543879753
07/10/2022 09:00 AM,07/10/2022 03:30 AM,48.43547783302959
07/10/2022 09:30 AM,07/10/2022 04:00 AM,52.152649581376345
07/10/2022 10:00 AM,07/10/2022 04:30 AM,49.09609738274625
07/10/2022 10:30 AM,07/10/2022 05:00 AM,48.98526710077844
07/10/2022 11:00 AM,07/10/2022 05:30 AM,51.85073754271286
07/10/2022 11:30 AM,07/10/2022 06:00 AM,49.749219670923786
07/10/2022 12:00 PM,07/10/2022 06:30 AM,48.77404100008198
07/10/2022 12:30 PM,07/10/2022 07:00 AM,51.20642448945643
07/10/2022 01:00 PM,07/10/2022 07:30 AM,50.449563091049015
07/10/2022 01:30 PM,07/10/2022 08:00 AM,48.62123792090274
07/10/2022 02:00 PM,07/10/2022 08:30 AM,51.475344772951985
07/10/2022 02:30 PM,07/10/2022 09:00 AM,49.086827371631905
07/10/2022 03:00 PM,07/10/2022 09:30 AM,49.22495632027883
07/10/2022 03:30 PM,07/10/2022 10:00 AM,51.97696861522147
07/10/2022 04:00 PM,07/10/2022 10:30 AM,48.52403392580094
07/10/2022 04:30 PM,07/10/2022 11:00 AM,49.16867329745535
07/10/2022 05:00 PM,07/10/2022 11:30 AM,52.43450120743614
07/10/2022 05:30 PM,07/10/2022 12:00 PM,47.86210248662397
07/10/2022 06:00 PM,07/10/2022 12:30 PM,50.129497767168154
07/10/2022 06:30 PM,07/10/2022 01:00 PM,51.798009961344086
07/10/2022 07:00 PM,07/10/2022 01:30 PM,48.321468443435435
07/10/2022 07:30 PM,07/10/2022 02:00 PM,50.07870374131258
07/10/2022 08:00 PM,07/10/2022 02:30 PM,51.4575922578146
07/10/2022 08:30 PM,07/10/2022 03:00 PM,47.769711551024365
07/10/2022 09:00 PM,07/10/2022 03:30 PM,51.55639010008463
07/10/2022 09:30 PM,07/10/2022 04:00 PM,50.44753253564665
07/10/2022 10:00 PM,07/10/2022 04:30 PM,48.598294777319666
07/10/2022 10:30 PM,07/10/2022 05:00 PM,50.82601406359337
07/10/2022 11:00 PM,07/10/2022 05:30 PM,51.00916939564754
07/10/2022 11:30 PM,07/10/2022 06:00 PM,48.13483748463378
08/10/2022 12:00 AM,07/10/2022 06:30 PM,50.286803370085124
08/10/2022 12:30 AM,07/10/2022 07:00 PM,51.48552958676078
08/10/2022 01:00 AM,07/10/2022 07:30 PM,47.4387907742641
08/10/2022 01:30 AM,07/10/2022 08:00 PM,51.19449418343848
08/10/2022 02:00 AM,07/10/2022 08:30 PM,51.447764607944556
08/10/2022 02:30 AM,07/10/2022 09:00 PM,47.82603038044575
08/10/2022 03:00 AM,07/10/2022 09:30 PM,51.51921631602718
08/10/2022 03:30 AM,07/10/2022 10:00 PM,50.70754372047469
08/10/2022 04:00 AM,07/10/2022 10:30 PM,47.292625510463
08/10/2022 04:30 AM,07/10/2022 11:00 PM,52.71089692412844
08/10/2022 05:00 AM,07/10/2022 11:30 PM,49.2737146681913
08/10/2022 05:30 AM,08/10/2022 12:00 AM,49.54070372447774
08/10/2022 06:00 AM,08/10/2022 12:30 AM,51.65521237616969
08/10/2022 06:30 AM,08/10/2022 01:00 AM,50.90778252622992
08/10/2022 07:00 AM,08/10/2022 01:30 AM,49.51862039478442
08/10/2022 07:30 AM,08/10/2022 02:00 AM,49.80276662465882
08/10/2022 08:00 AM,08/10/2022 02:30 AM,51.792269841201005
08/10/2022 08:30 AM,08/10/2022 03:00 AM,49.11750250845952
08/10/2022 09:00 AM,08/10/2022 03:30 AM,49.99201346482889
08/10/2022 09:30 AM,08/10/2022 04:00 AM,50.05062059667737
08/10/2022 10:00 AM,08/10/2022 04:30 AM,49.47885254505937
08/10/2022 10:30 AM,08/10/2022 05:00 AM,50.91662959982164
08/10/2022 11:00 AM,08/10/2022 05:30 AM,49.13177221970512
08/10/2022 11:30 AM,08/10/2022 06:00 AM,50.22537313479674
08/10/2022 12:00 PM,08/10/2022 06:30 AM,49.95019350030503
08/10/2022 12:30 PM,08/10/2022 07:00 AM,49.241014022846194
08/10/2022 01:00 PM,08/10/2022 07:30 AM,50.86481314668694
08/10/2022 01:30 PM,08/10/2022 08:00 AM,50.70574985954644
08/10/2022 02:00 PM,08/10/2022 08:30 AM,48.902385885834
08/10/2022 02:30 PM,08/10/2022 09:00 AM,49.55747631408645
08/10/2022 03:00 PM,08/10/2022 09:30 AM,50.84338571639693
08/10/2022 03:30 PM,08/10/2022 10:00 AM,49.74412147375074
08/10/2022 04:00 PM,08/10/2022 10:30 AM,50.81282588671888
08/10/2022 04:30 PM,08/10/2022 11:00 AM,49.11366266493882
08/10/2022 05:00 PM,08/10/2022 11:30 AM,49.98439257314115
08/10/2022 05:30 PM,08/10/2022 12:00 PM,51.16361797894226
08/10/2022 06:00 PM,08/10/2022 12:30 PM,49.00048486102562
08/10/2022 06:30 PM,08/10/2022 01:00 PM,50.63408868260583
08/10/2022 07:00 PM,08/10/2022 01:30 PM,49.45208961091155
08/10/2022 07:30 PM,08/10/2022 02:00 PM,48.987953287860684
08/10/2022 08:00 PM,08/10/2022 02:30 PM,51.04041760737723
08/10/2022 08:30 PM,08/10/2022 03:00 PM,49.96285285028426
08/10/2022 09:00 PM,08/10/2022 03:30 PM,50.90492452294571
08/10/2022 09:30 PM,08/10/2022 04:00 PM,49.57624117304061
08/10/2022 10:00 PM,08/10/2022 04:30 PM,49.08286317010913
08/10/2022 10:30 PM,08/10/2022 05:00 PM,51.02589058943655
08/10/2022 11:00 PM,08/10/2022 05:30 PM,49.076823070187764
08/10/2022 11:30 PM,08/10/2022 06:00 PM,50.45002279208166
09/10/2022 12:00 AM,08/10/2022 06:30 PM,50.330691895676495
09/10/2022 12:30 AM,08/10/2022 07:00 PM,48.726589835555735
09/10/2022 01:00 AM,08/10/2022 07:30 PM,50.88570023120306
09/10/2022 01:30 AM,08/10/2022 08:00 PM,50.0600371220799
09/10/2022 02:00 AM,08/10/2022 08:30 PM,50.6820313219285
09/10/2022 02:30 AM,08/10/2022 09:00 PM,50.11866001283152
09/10/2022 03:00 AM,08/10/2022 09:30 PM,48.5386737406026
09/10/2022 03:30 AM,08/10/2022 10:00 PM,50.64444159734384
09/10/2022 04:00 AM,08/10/2022 10:30 PM,49.3055156929941
09/10/2022 04:30 AM,08/10/2022 11:00 PM,50.28878978953852
09/10/2022 05:00 AM,08/10/2022 11:30 PM,51.29517460957774
09/10/2022 05:30 AM,09/10/2022 12:00 AM,48.81422817004978
09/10/2022 06:00 AM,09/10/2022 12:30 AM,50.389755937566925
09/10/2022 06:30 AM,09/10/2022 01:00 AM,50.02014133015735
09/10/2022 07:00 AM,09/10/2022 01:30 AM,50.128085962147175
09/10/2022 07:30 AM,09/10/2022 02:00 AM,50.61903636278564
09/10/2022 08:00 AM,09/10/2022 02:30 AM,48.55241988659366
09/10/2022 08:30 AM,09/10/2022 03:00 AM,50.3724653041028
09/10/2022 09:00 AM,09/10/2022 03:30 AM,49.74002934068676
09/10/2022 09:30 AM,09/10/2022 04:00 AM,51.27648664020078
09/10/2022 10:00 AM,09/10/2022 04:30 AM,49.10860216361684
09/10/2022 10:30 AM,09/10/2022 05:00 AM,50.61616835103724
09/10/2022 11:00 AM,09/10/2022 05:30 AM,48.896920140694014
09/10/2022 11:30 AM,09/10/2022 06:00 AM,50.27161914420202
09/10/2022 12:00 PM,09/10/2022 06:30 AM,50.395899099894116
09/10/2022 12:30 PM,09/10/2022 07:00 AM,49.627326335026545
09/10/2022 01:00 PM,09/10/2022 07:30 AM,50.65802840227301
09/10/2022 01:30 PM,09/10/2022 08:00 AM,48.8282082291114
09/10/2022 02:00 PM,09/10/2022 08:30 AM,50.770058441876195
09/10/2022 02:30 PM,09/10/2022 09:00 AM,51.048999840158444
09/10/2022 03:00 PM,09/10/2022 09:30 AM,48.91504839049133
09/10/2022 03:30 PM,09/10/2022 10:00 AM,50.525555662366195
09/10/2022 04:00 PM,09/10/2022 10:30 AM,48.966177829952294
09/10/2022 04:30 PM,09/10/2022 11:00 AM,49.71528536792749
09/10/2022 05:00 PM,09/10/2022 11:30 AM,50.87637931060374
09/10/2022 05:30 PM,09/10/2022 12:00 PM,49.88260311923665
09/10/2022 06:00 PM,09/10/2022 12:30 PM,51.10026365442483
09/10/2022 06:30 PM,09/10/2022 01:00 PM,48.95220622377277
09/10/2022 07:00 PM,09/10/2022 01:30 PM,49.57656444996061
09/10/2022 07:30 PM,09/10/2022 02:00 PM,50.89796443655583
09/10/2022 08:00 PM,09/10/2022 02:30 PM,49.00204780520738
09/10/2022 08:30 PM,09/10/2022 03:00 PM,50.819185870044684
09/10/2022 09:00 PM,09/10/2022 03:30 PM,49.762746172122895
09/10/2022 09:30 PM,09/10/2022 04:00 PM,49.40859476103395
09/10/2022 10:00 PM,09/10/2022 04:30 PM,50.76361169504796
09/10/2022 10:30 PM,09/10/2022 05:00 PM,49.691897499370306
09/10/2022 11:00 PM,09/10/2022 05:30 PM,51.1332029662793
09/10/2022 11:30 PM,09/10/2022 06:00 PM,49.32335739007606
10/10/2022 12:00 AM,09/10/2022 06:30 PM,48.85732065212708
10/10/2022 12:30 AM,09/10/2022 07:00 PM,50.80927531803767
10/10/2022 01:00 AM,09/10/2022 07:30 PM,49.18810287399645
10/10/2022 01:30 AM,09/10/2022 08:00 PM,51.04633106101162
10/10/2022 02:00 AM,09/10/2022 08:30 PM,50.65491370728376
10/10/2022 02:30 AM,09/10/2022 09:00 PM,49.08432877608893
10/10/2022 03:00 AM,09/10/2022 09:30 PM,49.307862921868114
10/10/2022 03:30 AM,09/10/2022 10:00 PM,50.971550809709306
10/10/2022 04:00 AM,09/10/2022 10:30 PM,49.29851448546588
10/10/2022 04:30 AM,09/10/2022 11:00 PM,50.96565931759582
10/10/2022 05:00 AM,09/10/2022 11:30 PM,50.00174777059913
10/10/2022 05:30 AM,10/10/2022 12:00 AM,48.82306448797841
10/10/2022 06:00 AM,10/10/2022 12:30 AM,51.23105087861674
10/10/2022 06:30 AM,10/10/2022 01:00 AM,49.70847340522288
10/10/2022 07:00 AM,10/10/2022 01:30 AM,50.04685793856161
10/10/2022 07:30 AM,10/10/2022 02:00 AM,49.77841470857766
10/10/2022 08:00 AM,10/10/2022 02:30 AM,48.969607586908836
10/10/2022 08:30 AM,10/10/2022 03:00 AM,51.03324449431566
10/10/2022 09:00 AM,10/10/2022 03:30 AM,49.61928862075758
10/10/2022 09:30 AM,10/10/2022 04:00 AM,50.89466552557493
10/10/2022 10:00 AM,10/10/2022 04:30 AM,50.624514781393025
10/10/2022 10:30 AM,10/10/2022 05:00 AM,48.26604352691931
10/10/2022 11:00 AM,10/10/2022 05:30 AM,50.34865970923783
10/10/2022 11:30 AM,10/10/2022 06:00 AM,49.56801660052068
10/10/2022 12:00 PM,10/10/2022 06:30 AM,50.42349286876921
10/10/2022 12:30 PM,10/10/2022 07:00 AM,50.84910118491333
10/10/2022 01:00 PM,10/10/2022 07:30 AM,49.3261180648586
10/10/2022 01:30 PM,10/10/2022 08:00 AM,50.71440764861939
10/10/2022 02:00 PM,10/10/2022 08:30 AM,49.015907172913295
10/10/2022 02:30 PM,10/10/2022 09:00 AM,49.955540860935635
10/10/2022 03:00 PM,10/10/2022 09:30 AM,51.1312966605347
10/10/2022 03:30 PM,10/10/2022 10:00 AM,48.79734995259131
10/10/2022 04:00 PM,10/10/2022 10:30 AM,50.419193653011725
10/10/2022 04:30 PM,10/10/2022 11:00 AM,49.726131802097974
10/10/2022 05:00 PM,10/10/2022 11:30 AM,50.038976971671154
10/10/2022 05:30 PM,10/10/2022 12:00 PM,51.04183188036327
10/10/2022 06:00 PM,10/10/2022 12:30 PM,49.86892449258957
10/10/2022 06:30 PM,10/10/2022 01:00 PM,48.25207791997905
10/10/2022 07:00 PM,10/10/2022 01:30 PM,50.794150071762566
10/10/2022 07:30 PM,10/10/2022 02:00 PM,50.21966423492851
10/10/2022 08:00 PM,10/10/2022 02:30 PM,49.935389463412285
10/10/2022 08:30 PM,10/10/2022 03:00 PM,51.323278634556544
10/10/2022 09:00 PM,10/10/2022 03:30 PM,48.893988051075354
10/10/2022 09:30 PM,10/10/2022 04:00 PM,49.886945845420655
10/10/2022 10:00 PM,10/10/2022 04:30 PM,49.79476578345393
10/10/2022 10:30 PM,10/10/2022 05:00 PM,49.88572098342056
10/10/2022 11:00 PM,10/10/2022 05:30 PM,51.06870427988567
10/10/2022 11:30 PM,10/10/2022 06:00 PM,48.81682103906524
11/10/2022 12:00 AM,10/10/2022 06:30 PM,50.53431529601033
11/10/2022 12:30 AM,10/10/2022 07:00 PM,50.251974884471736
11/10/2022 01:00 AM,10/10/2022 07:30 PM,49.304172177494614
11/10/2022 01:30 AM,10/10/2022 08:00 PM,51.25879308977861
11/10/2022 02:00 AM,10/10/2022 08:30 PM,49.24960429836042
11/10/2022 02:30 AM,10/10/2022 09:00 PM,49.73763400138184
11/10/2022 03:00 AM,10/10/2022 09:30 PM,49.69382219306187
11/10/2022 03:30 AM,10/10/2022 10:00 PM,49.62301512153268
11/10/2022 04:00 AM,10/10/2022 10:30 PM,51.67900895084508
11/10/2022 04:30 AM,10/10/2022 11:00 PM,49.39476570510259
11/10/2022 05:00 AM,10/10/2022 11:30 PM,50.24019036179445
11/10/2022 05:30 AM,11/10/2022 12:00 AM,49.997203572605734
11/10/2022 06:00 AM,11/10/2022 12:30 AM,48.421454651360484
11/10/2022 06:30 AM,11/10/2022 01:00 AM,50.881915678906694
11/10/2022 07:00 AM,11/10/2022 01:30 AM,50.070407015023896
11/10/2022 07:30 AM,11/10/2022 02:00 AM,50.64699749466408
11/10/2022 08:00 AM,11/10/2022 02:30 AM,50.26458680903838
11/10/2022 08:30 AM,11/10/2022 03:00 AM,48.81114651218087
11/10/2022 09:00 AM,11/10/2022 03:30 AM,49.59392994222302
11/10/2022 09:30 AM,11/10/2022 04:00 AM,51.460077382447025
11/10/2022 10:00 AM,11/10/2022 04:30 AM,49.47056484513298
11/10/2022 10:30 AM,11/10/2022 05:00 AM,49.732808504894756
11/10/2022 11:00 AM,11/10/2022 05:30 AM,50.550659371502014
11/10/2022 11:30 AM,11/10/2022 06:00 AM,49.283115356754706
11/10/2022 12:00 PM,11/10/2022 06:30 AM,50.936719431270056
11/10/2022 12:30 PM,11/10/2022 07:00 AM,49.44554125683953
11/10/2022 01:00 PM,11/10/2022 07:30 AM,49.97910267070947
11/10/2022 01:30 PM,11/10/2022 08:00 AM,50.215889031718596
11/10/2022 02:00 PM,11/10/2022 08:30 AM,48.67625918287981
11/10/2022 02:30 PM,11/10/2022 09:00 AM,51.414966677511295
11/10/2022 03:00 PM,11/10/2022 09:30 AM,50.184913451889884
11/10/2022 03:30 PM,11/10/2022 10:00 AM,49.842741896436785
11/10/2022 04:00 PM,11/10/2022 10:30 AM,50.26162418529529
11/10/2022 04:30 PM,11/10/2022 11:00 AM,48.68109262320545
11/10/2022 05:00 PM,11/10/2022 11:30 AM,50.54893429225152
11/10/2022 05:30 PM,11/10/2022 12:00 PM,49.63353191665913
11/10/2022 06:00 PM,11/10/2022 12:30 PM,50.65958849459573
11/10/2022 06:30 PM,11/10/2022 01:00 PM,51.27298785781553
11/10/2022 07:00 PM,11/10/2022 01:30 PM,48.50039625252336
11/10/2022 07:30 PM,11/10/2022 02:00 PM,50.15793303140766
11/10/2022 08:00 PM,11/10/2022 02:30 PM,49.464943254732965
11/10/2022 08:30 PM,11/10/2022 03:00 PM,49.814693203600605
11/10/2022 09:00 PM,11/10/2022 03:30 PM,51.11954850964983
11/10/2022 09:30 PM,11/10/2022 04:00 PM,49.624454045481336
11/10/2022 10:00 PM,11/10/2022 04:30 PM,49.32287514471684
11/10/2022 10:30 PM,11/10/2022 05:00 PM,50.8213413480287
11/10/2022 11:00 PM,11/10/2022 05:30 PM,49.68706823270029
11/10/2022 11:30 PM,11/10/2022 06:00 PM,49.70121829828389
12/10/2022 12:00 AM,11/10/2022 06:30 PM,51.164952925432196
12/10/2022 12:30 AM,11/10/2022 07:00 PM,49.00705933348714
12/10/2022 01:00 AM,11/10/2022 07:30 PM,50.352955087667816
12/10/2022 01:30 AM,11/10/2022 08:00 PM,49.85899590495834
12/10/2022 02:00 AM,11/10/2022 08:30 PM,50.00318826270385
12/10/2022 02:30 AM,11/10/2022 09:00 PM,50.80826184569034
12/10/2022 03:00 AM,11/10/2022 09:30 PM,48.58438277468682
12/10/2022 03:30 AM,11/10/2022 10:00 PM,50.632139507174514
12/10/2022 04:00 AM,11/10/2022 10:30 PM,49.94407436545396
12/10/2022 04:30 AM,11/10/2022 11:00 PM,49.59327498338672
12/10/2022 05:00 AM,11/10/2022 11:30 PM,51.421214546223545
12/10/2022 05:30 AM,12/10/2022 12:00 AM,49.38703005099297
12/10/2022 06:00 AM,12/10/2022 12:30 AM,49.99728568908707
12/10/2022 06:30 AM,12/10/2022 01:00 AM,49.201317797960165
12/10/2022 07:00 AM,12/10/2022 01:30 AM,49.50161827565221
12/10/2022 07:30 AM,12/10/2022 02:00 AM,51.447274882955675
12/10/2022 08:00 AM,12/10/2022 02:30 AM,49.4464923892479
12/10/2022 08:30 AM,12/10/2022 03:00 AM,50.882112491433325
12/10/2022 09:00 AM,12/10/2022 03:30 AM,49.924945062910574
12/10/2022 09:30 AM,12/10/2022 04:00 AM,48.5220516232429
12/10/2022 10:00 AM,12/10/2022 04:30 AM,50.48855608003333
12/10/2022 10:30 AM,12/10/2022 05:00 AM,49.6216773726265
12/10/2022 11:00 AM,12/10/2022 05:30 AM,50.72044425855129
12/10/2022 11:30 AM,12/10/2022 06:00 AM,50.46665635263952
12/10/2022 12:00 PM,12/10/2022 06:30 AM,49.50833287263975
12/10/2022 12:30 PM,12/10/2022 07:00 AM,48.991051284505936
12/10/2022 01:00 PM,12/10/2022 07:30 AM,51.4161092749267
12/10/2022 01:30 PM,12/10/2022 08:00 AM,49.37631226144814
12/10/2022 02:00 PM,12/10/2022 08:30 AM,50.26954243596469
12/10/2022 02:30 PM,12/10/2022 09:00 AM,50.16323003522293
12/10/2022 03:00 PM,12/10/2022 09:30 AM,49.34487136694924
12/10/2022 03:30 PM,12/10/2022 10:00 AM,50.87946015375196
12/10/2022 04:00 PM,12/10/2022 10:30 AM,49.28196799126451
12/10/2022 04:30 PM,12/10/2022 11:00 AM,50.57671007379358
12/10/2022 05:00 PM,12/10/2022 11:30 AM,49.93987475824546
12/10/2022 05:30 PM,12/10/2022 12:00 PM,48.614492839486275
12/10/2022 06:00 PM,12/10/2022 12:30 PM,51.22142090176646
12/10/2022 06:30 PM,12/10/2022 01:00 PM,49.89985618028495
12/10/2022 07:00 PM,12/10/2022 01:30 PM,50.46578743210461
12/10/2022 07:30 PM,12/10/2022 02:00 PM,50.2960185536088
12/10/2022 08:00 PM,12/10/2022 02:30 PM,48.815599859728486
12/10/2022 08:30 PM,12/10/2022 03:00 PM,50.32644645957658
12/10/2022 09:00 PM,12/10/2022 03:30 PM,49.020973013180914
12/10/2022 09:30 PM,12/10/2022 04:00 PM,50.870196411931666
12/10/2022 10:00 PM,12/10/2022 04:30 PM,51.26056759236072
12/10/2022 10:30 PM,12/10/2022 05:00 PM,50.25866576075807
12/10/2022 11:00 PM,12/10/2022 05:30 PM,55.05465167231551
12/10/2022 11:30 PM,12/10/2022 06:00 PM,60.30511746151128
13/10/2022 12:00 AM,12/10/2022 06:30 PM,53.36152745973413
13/10/2022 12:30 AM,12/10/2022 07:00 PM,48.180579705500065
13/10/2022 01:00 AM,12/10/2022 07:30 PM,53.408827030337264
13/10/2022 01:30 AM,12/10/2022 08:00 PM,47.42488128347869
13/10/2022 02:00 AM,12/10/2022 08:30 PM,50.82217053576417
13/10/2022 02:30 AM,12/10/2022 09:00 PM,48.78260948482577
13/10/2022 03:00 AM,12/10/2022 09:30 PM,51.35753709582982
13/10/2022 03:30 AM,12/10/2022 10:00 PM,49.68707988883071
13/10/2022 04:00 AM,12/10/2022 10:30 PM,49.91164276254077
13/10/2022 04:30 AM,12/10/2022 11:00 PM,50.98286688417091
13/10/2022 05:00 AM,12/10/2022 11:30 PM,49.10304755002531
13/10/2022 05:30 AM,13/10/2022 12:00 AM,52.07694257906301
13/10/2022 06:00 AM,13/10/2022 12:30 AM,46.8570500509076
13/10/2022 06:30 AM,13/10/2022 01:00 AM,52.2925300106474
13/10/2022 07:00 AM,13/10/2022 01:30 AM,47.36807564511927
13/10/2022 07:30 AM,13/10/2022 02:00 AM,51.830103188420246
13/10/2022 08:00 AM,13/10/2022 02:30 AM,44.33080596438846
13/10/2022 08:30 AM,13/10/2022 03:00 AM,50.25250869879411
13/10/2022 09:00 AM,13/10/2022 03:30 AM,49.685861623794004
13/10/2022 09:30 AM,13/10/2022 04:00 AM,50.1048357655904
13/10/2022 10:00 AM,13/10/2022 04:30 AM,51.609671406852684
13/10/2022 10:30 AM,13/10/2022 05:00 AM,47.797478698868844
13/10/2022 11:00 AM,13/10/2022 05:30 AM,52.00672328604312
13/10/2022 11:30 AM,13/10/2022 06:00 AM,47.51871434966956
13/10/2022 12:00 PM,13/10/2022 06:30 AM,52.488705432314
13/10/2022 12:30 PM,13/10/2022 07:00 AM,47.478977486354516
13/10/2022 01:00 PM,13/10/2022 07:30 AM,51.821982511387546
13/10/2022 01:30 PM,13/10/2022 08:00 AM,47.98730657343919
13/10/2022 02:00 PM,13/10/2022 08:30 AM,51.331094130112824
13/10/2022 02:30 PM,13/10/2022 09:00 AM,50.35482193659817
13/10/2022 03:00 PM,13/10/2022 09:30 AM,49.46473233871009
13/10/2022 03:30 PM,13/10/2022 10:00 AM,51.64915009204549
13/10/2022 04:00 PM,13/10/2022 10:30 AM,48.222331999673
13/10/2022 04:30 PM,13/10/2022 11:00 AM,52.038469827032266
13/10/2022 05:00 PM,13/10/2022 11:30 AM,47.38146944192204
13/10/2022 05:30 PM,13/10/2022 12:00 PM,52.39152811681359
13/10/2022 06:00 PM,13/10/2022 12:30 PM,47.64562324790662
13/10/2022 06:30 PM,13/10/2022 01:00 PM,52.16804445899171
13/10/2022 07:00 PM,13/10/2022 01:30 PM,48.04697600531958
13/10/2022 07:30 PM,13/10/2022 02:00 PM,50.58398820117986
13/10/2022 08:00 PM,13/10/2022 02:30 PM,50.18343604544797
13/10/2022 08:30 PM,13/10/2022 03:00 PM,49.241593305208134
13/10/2022 09:00 PM,13/10/2022 03:30 PM,51.478374745047205
13/10/2022 09:30 PM,13/10/2022 04:00 PM,48.512141990640885
13/10/2022 10:00 PM,13/10/2022 04:30 PM,52.48912205568377
13/10/2022 10:30 PM,13/10/2022 05:00 PM,47.73507960072606
13/10/2022 11:00 PM,13/10/2022 05:30 PM,52.39881791371588
13/10/2022 11:30 PM,13/10/2022 06:00 PM,47.22492898717285
14/10/2022 12:00 AM,13/10/2022 06:30 PM,51.20748650535333
14/10/2022 12:30 AM,13/10/2022 07:00 PM,48.70617193090872
14/10/2022 01:00 AM,13/10/2022 07:30 PM,50.5137378190142
14/10/2022 01:30 AM,13/10/2022 08:00 PM,50.291371302805324
14/10/2022 02:00 AM,13/10/2022 08:30 PM,49.444450931154684
14/10/2022 02:30 AM,13/10/2022 09:00 PM,51.31819612308639
14/10/2022 03:00 AM,13/10/2022 09:30 PM,48.217626681467
14/10/2022 03:30 AM,13/10/2022 10:00 PM,52.18814233741386
14/10/2022 04:00 AM,13/10/2022 10:30 PM,48.68573389261118
14/10/2022 04:30 AM,13/10/2022 11:00 PM,52.123599865975756
14/10/2022 05:00 AM,13/10/2022 11:30 PM,47.91065407160854
14/10/2022 05:30 AM,14/10/2022 12:00 AM,51.576215156129656
14/10/2022 06:00 AM,14/10/2022 12:30 AM,48.80735200507479
14/10/2022 06:30 AM,14/10/2022 01:00 AM,50.23498808062411
14/10/2022 07:00 AM,14/10/2022 01:30 AM,49.788623929661355
14/10/2022 07:30 AM,14/10/2022 02:00 AM,48.97408364412016
14/10/2022 08:00 AM,14/10/2022 02:30 AM,51.18316733699833
14/10/2022 08:30 AM,14/10/2022 03:00 AM,48.92804213476231
14/10/2022 09:00 AM,14/10/2022 03:30 AM,52.76879492387565
14/10/2022 09:30 AM,14/10/2022 04:00 AM,47.894181406495335
14/10/2022 10:00 AM,14/10/2022 04:30 AM,52.471983314365616
14/10/2022 10:30 AM,14/10/2022 05:00 AM,47.905366924001505
14/10/2022 11:00 AM,14/10/2022 05:30 AM,51.394589925064906
14/10/2022 11:30 AM,14/10/2022 06:00 AM,48.73137658680895
14/10/2022 12:00 PM,14/10/2022 06:30 AM,50.483262613087994
14/10/2022 12:30 PM,14/10/2022 07:00 AM,50.03194007054349
14/10/2022 01:00 PM,14/10/2022 07:30 AM,48.016154058863
14/10/2022 01:30 PM,14/10/2022 08:00 AM,52.24927911156258
14/10/2022 02:00 PM,14/10/2022 08:30 AM,47.83945407626728
14/10/2022 02:30 PM,14/10/2022 09:00 AM,52.50166709738199
14/10/2022 03:00 PM,14/10/2022 09:30 AM,47.66717533850581
14/10/2022 03:30 PM,14/10/2022 10:00 AM,52.65070056027137
14/10/2022 04:00 PM,14/10/2022 10:30 AM,48.303008347684006
14/10/2022 04:30 PM,14/10/2022 11:00 AM,51.89547004187594
14/10/2022 05:00 PM,14/10/2022 11:30 AM,48.79087480871553
14/10/2022 05:30 PM,14/10/2022 12:00 PM,49.027507836835305
14/10/2022 06:00 PM,14/10/2022 12:30 PM,50.64976688566219
14/10/2022 06:30 PM,14/10/2022 01:00 PM,48.26077574846371
14/10/2022 07:00 PM,14/10/2022 01:30 PM,51.91655114750569
14/10/2022 07:30 PM,14/10/2022 02:00 PM,47.90852963843821
14/10/2022 08:00 PM,14/10/2022 02:30 PM,52.665568680297525
14/10/2022 08:30 PM,14/10/2022 03:00 PM,47.67960232726193
14/10/2022 09:00 PM,14/10/2022 03:30 PM,52.3839465720776
14/10/2022 09:30 PM,14/10/2022 04:00 PM,47.94469251858727
14/10/2022 10:00 PM,14/10/2022 04:30 PM,51.85082550703218
14/10/2022 10:30 PM,14/10/2022 05:00 PM,49.60116507381346
14/10/2022 11:00 PM,14/10/2022 05:30 PM,49.51442786928937
14/10/2022 11:30 PM,14/10/2022 06:00 PM,50.94751291705947
15/10/2022 12:00 AM,14/10/2022 06:30 PM,48.46470060567091
15/10/2022 12:30 AM,14/10/2022 07:00 PM,51.77392002965281
15/10/2022 01:00 AM,14/10/2022 07:30 PM,47.462499307030946
15/10/2022 01:30 AM,14/10/2022 08:00 PM,52.13271172153108
15/10/2022 02:00 AM,14/10/2022 08:30 PM,47.3943612200759
15/10/2022 02:30 AM,14/10/2022 09:00 PM,52.38909058111443
15/10/2022 03:00 AM,14/10/2022 09:30 PM,49.23307760915588
15/10/2022 03:30 AM,14/10/2022 10:00 PM,51.07316780325306
15/10/2022 04:00 AM,14/10/2022 10:30 PM,50.02352792827836
15/10/2022 04:30 AM,14/10/2022 11:00 PM,49.72939926424036
15/10/2022 05:00 AM,14/10/2022 11:30 PM,50.942671989849885
15/10/2022 05:30 AM,15/10/2022 12:00 AM,48.30402600906194
15/10/2022 06:00 AM,15/10/2022 12:30 AM,51.78426172892727
15/10/2022 06:30 AM,15/10/2022 01:00 AM,47.64720796276945
15/10/2022 07:00 AM,15/10/2022 01:30 AM,52.4348059720115
15/10/2022 07:30 AM,15/10/2022 02:00 AM,47.51875583349179
15/10/2022 08:00 AM,15/10/2022 02:30 AM,51.33993276075458
15/10/2022 08:30 AM,15/10/2022 03:00 AM,48.86038122899689
15/10/2022 09:00 AM,15/10/2022 03:30 AM,50.86692034481363
15/10/2022 09:30 AM,15/10/2022 04:00 AM,49.806215880508496
15/10/2022 10:00 AM,15/10/2022 04:30 AM,49.57360197806603
15/10/2022 10:30 AM,15/10/2022 05:00 AM,51.180956332915734
15/10/2022 11:00 AM,15/10/2022 05:30 AM,48.72929004580745
15/10/2022 11:30 AM,15/10/2022 06:00 AM,52.26143902976057
15/10/2022 12:00 PM,15/10/2022 06:30 AM,47.86794537738448
15/10/2022 12:30 PM,15/10/2022 07:00 AM,52.41833259326543
15/10/2022 01:00 PM,15/10/2022 07:30 AM,47.15349973144514
15/10/2022 01:30 PM,15/10/2022 08:00 AM,51.50491044107883
15/10/2022 02:00 PM,15/10/2022 08:30 AM,48.40561771500858
15/10/2022 02:30 PM,15/10/2022 09:00 AM,50.69719535893873
15/10/2022 03:00 PM,15/10/2022 09:30 AM,49.94843439595795
15/10/2022 03:30 PM,15/10/2022 10:00 AM,49.746836189361886
15/10/2022 04:00 PM,15/10/2022 10:30 AM,51.13708902170202
15/10/2022 04:30 PM,15/10/2022 11:00 AM,48.44730379675088
15/10/2022 05:00 PM,15/10/2022 11:30 AM,51.9625391392161
15/10/2022 05:30 PM,15/10/2022 12:00 PM,48.41197798253896
15/10/2022 06:00 PM,15/10/2022 12:30 PM,52.232868876545155
15/10/2022 06:30 PM,15/10/2022 01:00 PM,47.76724617606305
15/10/2022 07:00 PM,15/10/2022 01:30 PM,51.853477281971415
15/10/2022 07:30 PM,15/10/2022 02:00 PM,48.671656127784054
15/10/2022 08:00 PM,15/10/2022 02:30 PM,50.63910102104763
15/10/2022 08:30 PM,15/10/2022 03:00 PM,49.52568223451161
15/10/2022 09:00 PM,15/10/2022 03:30 PM,49.276576693359885
15/10/2022 09:30 PM,15/10/2022 04:00 PM,50.86147587659687
15/10/2022 10:00 PM,15/10/2022 04:30 PM,48.51270828378931
15/10/2022 10:30 PM,15/10/2022 05:00 PM,52.595778093299266
15/10/2022 11:00 PM,15/10/2022 05:30 PM,47.85380063412984
15/10/2022 11:30 PM,15/10/2022 06:00 PM,52.6731004455473
16/10/2022 12:00 AM,15/10/2022 06:30 PM,47.9320569338937
16/10/2022 12:30 AM,15/10/2022 07:00 PM,51.71695754198564
16/10/2022 01:00 AM,15/10/2022 07:30 PM,48.509766133467146
16/10/2022 01:30 AM,15/10/2022 08:00 PM,50.733088518014334
16/10/2022 02:00 AM,15/10/2022 08:30 PM,49.861087176607036
16/10/2022 02:30 AM,15/10/2022 09:00 PM,49.61910720494712
16/10/2022 03:00 AM,15/10/2022 09:30 PM,50.46822281647492
16/10/2022 03:30 AM,15/10/2022 10:00 PM,47.94427073490809
16/10/2022 04:00 AM,15/10/2022 10:30 PM,52.439938246244914
16/10/2022 04:30 AM,15/10/2022 11:00 PM,47.458981048119774
16/10/2022 05:00 AM,15/10/2022 11:30 PM,52.39597718586976
16/10/2022 05:30 AM,16/10/2022 12:00 AM,47.96212837617336
16/10/2022 06:00 AM,16/10/2022 12:30 AM,52.10574594547588
16/10/2022 06:30 AM,16/10/2022 01:00 AM,48.97412105106822
16/10/2022 07:00 AM,16/10/2022 01:30 AM,50.96898734142594
16/10/2022 07:30 AM,16/10/2022 02:00 AM,50.223531280392336
16/10/2022 08:00 AM,16/10/2022 02:30 AM,48.45060376178245
16/10/2022 08:30 AM,16/10/2022 03:00 AM,51.49557808629211
16/10/2022 09:00 AM,16/10/2022 03:30 AM,47.48739091828141
16/10/2022 09:30 AM,16/10/2022 04:00 AM,52.25698611821562
16/10/2022 10:00 AM,16/10/2022 04:30 AM,47.56105306131107
16/10/2022 10:30 AM,16/10/2022 05:00 AM,52.523339726953026
16/10/2022 11:00 AM,16/10/2022 05:30 AM,47.88423925218449
16/10/2022 11:30 AM,16/10/2022 06:00 AM,51.77813195225283
16/10/2022 12:00 PM,16/10/2022 06:30 AM,48.5889619301376
16/10/2022 12:30 PM,16/10/2022 07:00 AM,51.41151837879452
16/10/2022 01:00 PM,16/10/2022 07:30 AM,50.66919016456537
16/10/2022 01:30 PM,16/10/2022 08:00 AM,48.571445387019246
16/10/2022 02:00 PM,16/10/2022 08:30 AM,51.863068916329745
16/10/2022 02:30 PM,16/10/2022 09:00 AM,47.838906618637
16/10/2022 03:00 PM,16/10/2022 09:30 AM,52.292354781445226
16/10/2022 03:30 PM,16/10/2022 10:00 AM,47.224376589077856
16/10/2022 04:00 PM,16/10/2022 10:30 AM,52.051277742755644
16/10/2022 04:30 PM,16/10/2022 11:00 AM,47.58213034423602
16/10/2022 05:00 PM,16/10/2022 11:30 AM,51.28656606118459
16/10/2022 05:30 PM,16/10/2022 12:00 PM,49.76653820566961
16/10/2022 06:00 PM,16/10/2022 12:30 PM,50.07061036409629
16/10/2022 06:30 PM,16/10/2022 01:00 PM,51.17861165516329
16/10/2022 07:00 PM,16/10/2022 01:30 PM,48.88343827010589
16/10/2022 07:30 PM,16/10/2022 02:00 PM,51.9084583942281
16/10/2022 08:00 PM,16/10/2022 02:30 PM,47.731355379164796
16/10/2022 08:30 PM,16/10/2022 03:00 PM,52.3151801272705
16/10/2022 09:00 PM,16/10/2022 03:30 PM,47.50649327756142
16/10/2022 09:30 PM,16/10/2022 04:00 PM,52.45479331057902
16/10/2022 10:00 PM,16/10/2022 04:30 PM,46.956077701286375
16/10/2022 10:30 PM,16/10/2022 05:00 PM,51.055118924842624
16/10/2022 11:00 PM,16/10/2022 05:30 PM,49.75953034169499
16/10/2022 11:30 PM,16/10/2022 06:00 PM,49.797373066756556
17/10/2022 12:00 AM,16/10/2022 06:30 PM,50.82743683669862
17/10/2022 12:30 AM,16/10/2022 07:00 PM,48.57927477739066
17/10/2022 01:00 AM,16/10/2022 07:30 PM,51.99807487119232
17/10/2022 01:30 AM,16/10/2022 08:00 PM,48.07587356758529
17/10/2022 02:00 AM,16/10/2022 08:30 PM,52.78339535871287
17/10/2022 02:30 AM,16/10/2022 09:00 PM,47.7623762506039
17/10/2022 03:00 AM,16/10/2022 09:30 PM,52.0341486026371
17/10/2022 03:30 AM,16/10/2022 10:00 PM,48.39498231961164
17/10/2022 04:00 AM,16/10/2022 10:30 PM,50.683612204848714
17/10/2022 04:30 AM,16/10/2022 11:00 PM,49.33445959084213
17/10/2022 05:00 AM,16/10/2022 11:30 PM,49.404009324153066
17/10/2022 05:30 AM,17/10/2022 12:00 AM,50.79591086076579
17/10/2022 06:00 AM,17/10/2022 12:30 AM,48.55732073472424
17/10/2022 06:30 AM,17/10/2022 01:00 AM,52.0088245451517
17/10/2022 07:00 AM,17/10/2022 01:30 AM,47.80704176946616
17/10/2022 07:30 AM,17/10/2022 02:00 AM,52.37733055386226
17/10/2022 08:00 AM,17/10/2022 02:30 AM,49.14195396839613
17/10/2022 08:30 AM,17/10/2022 03:00 AM,51.839454679685105
17/10/2022 09:00 AM,17/10/2022 03:30 AM,48.47792700896162
17/10/2022 09:30 AM,17/10/2022 04:00 AM,50.76823682895821
17/10/2022 10:00 AM,17/10/2022 04:30 AM,49.7423325175418
17/10/2022 10:30 AM,17/10/2022 05:00 AM,49.68347068904226
17/10/2022 11:00 AM,17/10/2022 05:30 AM,50.957447014130224
17/10/2022 11:30 AM,17/10/2022 06:00 AM,48.33460863214187
17/10/2022 12:00 PM,17/10/2022 06:30 AM,51.63005660673116
17/10/2022 12:30 PM,17/10/2022 07:00 AM,47.42036143766791
17/10/2022 01:00 PM,17/10/2022 07:30 AM,51.93335373602597
17/10/2022 01:30 PM,17/10/2022 08:00 AM,47.84315128131345
17/10/2022 02:00 PM,17/10/2022 08:30 AM,52.00189572538914
17/10/2022 02:30 PM,17/10/2022 09:00 AM,48.944343561784116
17/10/2022 03:00 PM,17/10/2022 09:30 AM,51.14162476902396
17/10/2022 03:30 PM,17/10/2022 10:00 AM,50.07696233397299
17/10/2022 04:00 PM,17/10/2022 10:30 AM,49.65927276521407
17/10/2022 04:30 PM,17/10/2022 11:00 AM,50.96970766446071
17/10/2022 05:00 PM,17/10/2022 11:30 AM,48.388491302496504
17/10/2022 05:30 PM,17/10/2022 12:00 PM,51.97677485660366
17/10/2022 06:00 PM,17/10/2022 12:30 PM,46.555375680093455
17/10/2022 06:30 PM,17/10/2022 01:00 PM,52.29401000064533
17/10/2022 07:00 PM,17/10/2022 01:30 PM,47.898374219242875
17/10/2022 07:30 PM,17/10/2022 02:00 PM,51.89135435068411
17/10/2022 08:00 PM,17/10/2022 02:30 PM,48.74792112158577
17/10/2022 08:30 PM,17/10/2022 03:00 PM,50.70817588278744
17/10/2022 09:00 PM,17/10/2022 03:30 PM,49.82400350699461
17/10/2022 09:30 PM,17/10/2022 04:00 PM,49.538666837820784
17/10/2022 10:00 PM,17/10/2022 04:30 PM,51.26282760171909
17/10/2022 10:30 PM,17/10/2022 05:00 PM,48.69323857012535
17/10/2022 11:00 PM,17/10/2022 05:30 PM,52.7757618923408
17/10/2022 11:30 PM,17/10/2022 06:00 PM,47.554721073748425
18/10/2022 12:00 AM,17/10/2022 06:30 PM,52.339493421263036
18/10/2022 12:30 AM,17/10/2022 07:00 PM,47.681248662844695
18/10/2022 01:00 AM,17/10/2022 07:30 PM,51.413417273062834
18/10/2022 01:30 AM,17/10/2022 08:00 PM,48.39796474599499
18/10/2022 02:00 AM,17/10/2022 08:30 PM,50.45729572171155
18/10/2022 02:30 AM,17/10/2022 09:00 PM,49.87352039562408
18/10/2022 03:00 AM,17/10/2022 09:30 PM,49.50107761140361
18/10/2022 03:30 AM,17/10/2022 10:00 PM,51.18272400605756
18/10/2022 04:00 AM,17/10/2022 10:30 PM,49.116640406676595
18/10/2022 04:30 AM,17/10/2022 11:00 PM,52.67753896632118
18/10/2022 05:00 AM,17/10/2022 11:30 PM,47.62850743946765
18/10/2022 05:30 AM,18/10/2022 12:00 AM,52.315464568584936
18/10/2022 06:00 AM,18/10/2022 12:30 AM,47.82182088049051
18/10/2022 06:30 AM,18/10/2022 01:00 AM,51.659771767071305
18/10/2022 07:00 AM,18/10/2022 01:30 AM,48.863614468393585
18/10/2022 07:30 AM,18/10/2022 02:00 AM,50.66905096673761
18/10/2022 08:00 AM,18/10/2022 02:30 AM,49.965322988891955
18/10/2022 08:30 AM,18/10/2022 03:00 AM,49.173494967005695
18/10/2022 09:00 AM,18/10/2022 03:30 AM,50.45554798763776
18/10/2022 09:30 AM,18/10/2022 04:00 AM,47.718038490446496
18/10/2022 10:00 AM,18/10/2022 04:30 AM,52.40489832510517
18/10/2022 10:30 AM,18/10/2022 05:00 AM,47.558484391609944
18/10/2022 11:00 AM,18/10/2022 05:30 AM,52.50658039022678
18/10/2022 11:30 AM,18/10/2022 06:00 AM,48.25620469211409
18/10/2022 12:00 PM,18/10/2022 06:30 AM,51.97834468043289
18/10/2022 12:30 PM,18/10/2022 07:00 AM,49.142155522186876
18/10/2022 01:00 PM,18/10/2022 07:30 AM,50.641241853233815
18/10/2022 01:30 PM,18/10/2022 08:00 AM,33.8027601177645
