Interval, Interval (UTC),Temperature.Average
09/10/2022 01:00 PM,09/10/2022 07:30 AM,30.029092084224047
09/10/2022 01:30 PM,09/10/2022 08:00 AM,48.78795442769849
09/10/2022 02:00 PM,09/10/2022 08:30 AM,50.48072675251755
09/10/2022 02:30 PM,09/10/2022 09:00 AM,50.974793587308376
09/10/2022 03:00 PM,09/10/2022 09:30 AM,50.00069388114368
09/10/2022 03:30 PM,09/10/2022 10:00 AM,49.05898112563565
09/10/2022 04:00 PM,09/10/2022 10:30 AM,50.67902610008437
09/10/2022 04:30 PM,09/10/2022 11:00 AM,50.18786685690179
09/10/2022 05:00 PM,09/10/2022 11:30 AM,48.61769339175597
09/10/2022 05:30 PM,09/10/2022 12:00 PM,50.4504909457981
09/10/2022 06:00 PM,09/10/2022 12:30 PM,50.26672588393856
09/10/2022 06:30 PM,09/10/2022 01:00 PM,50.15202648671774
09/10/2022 07:00 PM,09/10/2022 01:30 PM,49.60395843243064
09/10/2022 07:30 PM,09/10/2022 02:00 PM,51.3274515099298
09/10/2022 08:00 PM,09/10/2022 02:30 PM,49.67350130898324
09/10/2022 08:30 PM,09/10/2022 03:00 PM,48.472041430867264
09/10/2022 09:00 PM,09/10/2022 03:30 PM,51.25516701862757
09/10/2022 09:30 PM,09/10/2022 04:00 PM,49.7383978736751
09/10/2022 10:00 PM,09/10/2022 04:30 PM,49.08786865679017
09/10/2022 10:30 PM,09/10/2022 05:00 PM,49.98926249310076
09/10/2022 11:00 PM,09/10/2022 05:30 PM,51.59842796577652
09/10/2022 11:30 PM,09/10/2022 06:00 PM,49.01029579373853
10/10/2022 12:00 AM,09/10/2022 06:30 PM,50.3957663498205
10/10/2022 12:30 AM,09/10/2022 07:00 PM,50.36379328240991
10/10/2022 01:00 AM,09/10/2022 07:30 PM,49.10344897384553
10/10/2022 01:30 AM,09/10/2022 08:00 PM,48.95871221302665
10/10/2022 02:00 AM,09/10/2022 08:30 PM,51.70416995219813
10/10/2022 02:30 AM,09/10/2022 09:00 PM,50.099002483645215
10/10/2022 03:00 AM,09/10/2022 09:30 PM,48.48469285522899
10/10/2022 03:30 AM,09/10/2022 10:00 PM,51.015783706987825
10/10/2022 04:00 AM,09/10/2022 10:30 PM,50.59796847196936
10/10/2022 04:30 AM,09/10/2022 11:00 PM,49.380518847942916
10/10/2022 05:00 AM,09/10/2022 11:30 PM,49.93624190030213
10/10/2022 05:30 AM,10/10/2022 12:00 AM,50.960179709041235
10/10/2022 06:00 AM,10/10/2022 12:30 AM,46.80198734187649
10/10/2022 06:30 AM,10/10/2022 01:00 AM,50.19106853440514
10/10/2022 07:00 AM,10/10/2022 01:30 AM,51.319956174009825
10/10/2022 07:30 AM,10/10/2022 02:00 AM,50.09745565136714
10/10/2022 08:00 AM,10/10/2022 02:30 AM,49.14630178366165
10/10/2022 08:30 AM,10/10/2022 03:00 AM,50.742782349624434
10/10/2022 09:00 AM,10/10/2022 03:30 AM,49.943732525322844
10/10/2022 09:30 AM,10/10/2022 04:00 AM,48.84204687278052
10/10/2022 10:00 AM,10/10/2022 04:30 AM,50.774940431762275
10/10/2022 10:30 AM,10/10/2022 05:00 AM,49.97887772777079
10/10/2022 11:00 AM,10/10/2022 05:30 AM,49.58618626711669
10/10/2022 11:30 AM,10/10/2022 06:00 AM,49.33831953183727
10/10/2022 12:00 PM,10/10/2022 06:30 AM,52.90959789338471
10/10/2022 12:30 PM,10/10/2022 07:00 AM,48.71199100421756
10/10/2022 01:00 PM,10/10/2022 07:30 AM,49.314893004761295
10/10/2022 01:30 PM,10/10/2022 08:00 AM,50.235326954213605
10/10/2022 02:00 PM,10/10/2022 08:30 AM,50.288324037569
10/10/2022 02:30 PM,10/10/2022 09:00 AM,49.28746997549436
10/10/2022 03:00 PM,10/10/2022 09:30 AM,49.89172824151723
10/10/2022 03:30 PM,10/10/2022 10:00 AM,52.07481890876322
10/10/2022 04:00 PM,10/10/2022 10:30 AM,48.3071505582457
10/10/2022 04:30 PM,10/10/2022 11:00 AM,50.50466765490029
10/10/2022 05:00 PM,10/10/2022 11:30 AM,50.67788359635657
10/10/2022 05:30 PM,10/10/2022 12:00 PM,49.92255227882827
10/10/2022 06:00 PM,10/10/2022 12:30 PM,48.07863319255774
10/10/2022 06:30 PM,10/10/2022 01:00 PM,50.932186104385984
10/10/2022 07:00 PM,10/10/2022 01:30 PM,50.24666549241393
10/10/2022 07:30 PM,10/10/2022 02:00 PM,50.25923603738913
10/10/2022 08:00 PM,10/10/2022 02:30 PM,50.53583849726278
10/10/2022 08:30 PM,10/10/2022 03:00 PM,50.59606165512721
10/10/2022 09:00 PM,10/10/2022 03:30 PM,48.31984142214478
10/10/2022 09:30 PM,10/10/2022 04:00 PM,49.58094921655586
10/10/2022 10:00 PM,10/10/2022 04:30 PM,51.618323655728894
10/10/2022 10:30 PM,10/10/2022 05:00 PM,49.075629861975834
10/10/2022 11:00 PM,10/10/2022 05:30 PM,49.14876045149122
10/10/2022 11:30 PM,10/10/2022 06:00 PM,51.61017397953121
11/10/2022 12:00 AM,10/10/2022 06:30 PM,50.36701777589037
11/10/2022 12:30 AM,10/10/2022 07:00 PM,48.616520857577434
11/10/2022 01:00 AM,10/10/2022 07:30 PM,51.1520350481753
11/10/2022 01:30 AM,10/10/2022 08:00 PM,50.07225179128074
11/10/2022 02:00 AM,10/10/2022 08:30 PM,48.98056660963527
11/10/2022 02:30 AM,10/10/2022 09:00 PM,48.96063209974449
11/10/2022 03:00 AM,10/10/2022 09:30 PM,52.493943149168345
11/10/2022 03:30 AM,10/10/2022 10:00 PM,49.46003270727107
11/10/2022 04:00 AM,10/10/2022 10:30 PM,49.51815299834863
11/10/2022 04:30 AM,10/10/2022 11:00 PM,50.67320291254427
11/10/2022 05:00 AM,10/10/2022 11:30 PM,49.76108742245253
11/10/2022 05:30 AM,11/10/2022 12:00 AM,49.45963019930962
11/10/2022 06:00 AM,11/10/2022 12:30 AM,49.706321095899995
11/10/2022 06:30 AM,11/10/2022 01:00 AM,51.138261428354866
11/10/2022 07:00 AM,11/10/2022 01:30 AM,48.36769798584288
11/10/2022 07:30 AM,11/10/2022 02:00 AM,50.703264676003734
11/10/2022 08:00 AM,11/10/2022 02:30 AM,50.94747004079912
11/10/2022 08:30 AM,11/10/2022 03:00 AM,49.98366625821145
11/10/2022 09:00 AM,11/10/2022 03:30 AM,48.88476521731193
11/10/2022 09:30 AM,11/10/2022 04:00 AM,50.51441702605447
11/10/2022 10:00 AM,11/10/2022 04:30 AM,50.387126436504865
11/10/2022 10:30 AM,11/10/2022 05:00 AM,48.55301802902638
11/10/2022 11:00 AM,11/10/2022 05:30 AM,51.58188083067896
11/10/2022 11:30 AM,11/10/2022 06:00 AM,49.83314813030646
11/10/2022 12:00 PM,11/10/2022 06:30 AM,49.212935259690816
11/10/2022 12:30 PM,11/10/2022 07:00 AM,49.93094688810078
11/10/2022 01:00 PM,11/10/2022 07:30 AM,51.91462013429288
11/10/2022 01:30 PM,11/10/2022 08:00 AM,48.81690190470766
11/10/2022 02:00 PM,11/10/2022 08:30 AM,49.08023832186597
11/10/2022 02:30 PM,11/10/2022 09:00 AM,50.38678383177771
11/10/2022 03:00 PM,11/10/2022 09:30 AM,49.853585405016055
11/10/2022 03:30 PM,11/10/2022 10:00 AM,49.784926105231996
11/10/2022 04:00 PM,11/10/2022 10:30 AM,51.238633701808574
11/10/2022 04:30 PM,11/10/2022 11:00 AM,50.366237755133604
11/10/2022 05:00 PM,11/10/2022 11:30 AM,48.16916028001685
11/10/2022 05:30 PM,11/10/2022 12:00 PM,51.05798234773622
11/10/2022 06:00 PM,11/10/2022 12:30 PM,50.66331845578841
11/10/2022 06:30 PM,11/10/2022 01:00 PM,48.52240262195707
11/10/2022 07:00 PM,11/10/2022 01:30 PM,49.44081901781974
11/10/2022 07:30 PM,11/10/2022 02:00 PM,51.4914733769821
11/10/2022 08:00 PM,11/10/2022 02:30 PM,49.301722109344105
11/10/2022 08:30 PM,11/10/2022 03:00 PM,50.017339906813305
11/10/2022 09:00 PM,11/10/2022 03:30 PM,51.22224190169275
11/10/2022 09:30 PM,11/10/2022 04:00 PM,49.451317092313644
11/10/2022 10:00 PM,11/10/2022 04:30 PM,49.27015033295397
11/10/2022 10:30 PM,11/10/2022 05:00 PM,49.68929341318121
11/10/2022 11:00 PM,11/10/2022 05:30 PM,51.087668827003604
11/10/2022 11:30 PM,11/10/2022 06:00 PM,48.361531488585605
12/10/2022 12:00 AM,11/10/2022 06:30 PM,50.830545810283944
12/10/2022 12:30 AM,11/10/2022 07:00 PM,50.65944940815808
12/10/2022 01:00 AM,11/10/2022 07:30 PM,49.902716361891834
12/10/2022 01:30 AM,11/10/2022 08:00 PM,49.792980322006315
12/10/2022 02:00 AM,11/10/2022 08:30 PM,50.35996224654756
12/10/2022 02:30 AM,11/10/2022 09:00 PM,48.53526081473668
12/10/2022 03:00 AM,11/10/2022 09:30 PM,49.4433070465908
12/10/2022 03:30 AM,11/10/2022 10:00 PM,52.070399501863506
12/10/2022 04:00 AM,11/10/2022 10:30 PM,49.44527038725398
12/10/2022 04:30 AM,11/10/2022 11:00 PM,49.336507931645826
12/10/2022 05:00 AM,11/10/2022 11:30 PM,50.54487193934099
12/10/2022 05:30 AM,12/10/2022 12:00 AM,51.229392315911646
12/10/2022 06:00 AM,12/10/2022 12:30 AM,47.745717457756705
12/10/2022 06:30 AM,12/10/2022 01:00 AM,50.915354167291206
12/10/2022 07:00 AM,12/10/2022 01:30 AM,49.975914098992746
12/10/2022 07:30 AM,12/10/2022 02:00 AM,48.66872234838931
12/10/2022 08:00 AM,12/10/2022 02:30 AM,51.316684869879964
12/10/2022 08:30 AM,12/10/2022 03:00 AM,50.58951962197374
12/10/2022 09:00 AM,12/10/2022 03:30 AM,49.46158374284169
12/10/2022 09:30 AM,12/10/2022 04:00 AM,49.30339867608918
12/10/2022 10:00 AM,12/10/2022 04:30 AM,51.514760502356566
12/10/2022 10:30 AM,12/10/2022 05:00 AM,48.86863978828993
12/10/2022 11:00 AM,12/10/2022 05:30 AM,49.463014740452934
12/10/2022 11:30 AM,12/10/2022 06:00 AM,50.84255965835348
12/10/2022 12:00 PM,12/10/2022 06:30 AM,49.466053645201356
12/10/2022 12:30 PM,12/10/2022 07:00 AM,50.053457776366734
12/10/2022 01:00 PM,12/10/2022 07:30 AM,50.42812490459331
12/10/2022 01:30 PM,12/10/2022 08:00 AM,50.85625788821577
12/10/2022 02:00 PM,12/10/2022 08:30 AM,47.88929203757971
12/10/2022 02:30 PM,12/10/2022 09:00 AM,51.20710630268784
12/10/2022 03:00 PM,12/10/2022 09:30 AM,50.43856376681777
12/10/2022 03:30 PM,12/10/2022 10:00 AM,49.022676648448275
12/10/2022 04:00 PM,12/10/2022 10:30 AM,49.51193365957412
12/10/2022 04:30 PM,12/10/2022 11:00 AM,50.78758981673682
12/10/2022 05:00 PM,12/10/2022 11:30 AM,50.462141515982275
12/10/2022 05:30 PM,12/10/2022 12:00 PM,49.011497599498114
12/10/2022 06:00 PM,12/10/2022 12:30 PM,52.20080289459613
12/10/2022 06:30 PM,12/10/2022 01:00 PM,48.18176655356853
12/10/2022 07:00 PM,12/10/2022 01:30 PM,49.577059512824285
12/10/2022 07:30 PM,12/10/2022 02:00 PM,50.78520975622334
12/10/2022 08:00 PM,12/10/2022 02:30 PM,50.47540976095217
12/10/2022 08:30 PM,12/10/2022 03:00 PM,48.528060883794495
12/10/2022 09:00 PM,12/10/2022 03:30 PM,49.89348919793392
12/10/2022 09:30 PM,12/10/2022 04:00 PM,51.781717654696926
12/10/2022 10:00 PM,12/10/2022 04:30 PM,49.153304555969896
12/10/2022 10:30 PM,12/10/2022 05:00 PM,51.41366061107595
12/10/2022 11:00 PM,12/10/2022 05:30 PM,46.79292635602247
12/10/2022 11:30 PM,12/10/2022 06:00 PM,55.86320538009998
13/10/2022 12:00 AM,12/10/2022 06:30 PM,44.862211719390054
13/10/2022 12:30 AM,12/10/2022 07:00 PM,54.515793882050595
13/10/2022 01:00 AM,12/10/2022 07:30 PM,50.64663481171526
13/10/2022 01:30 AM,12/10/2022 08:00 PM,49.079021913824135
13/10/2022 02:00 AM,12/10/2022 08:30 PM,50.50850627034331
13/10/2022 02:30 AM,12/10/2022 09:00 PM,49.0584630206285
13/10/2022 03:00 AM,12/10/2022 09:30 PM,50.60367803005662
13/10/2022 03:30 AM,12/10/2022 10:00 PM,49.84580563394418
13/10/2022 04:00 AM,12/10/2022 10:30 PM,50.548491478886184
13/10/2022 04:30 AM,12/10/2022 11:00 PM,49.1635440634543
13/10/2022 05:00 AM,12/10/2022 11:30 PM,50.557522633791194
13/10/2022 05:30 AM,13/10/2022 12:00 AM,49.11281480088032
13/10/2022 06:00 AM,13/10/2022 12:30 AM,50.385818599039034
13/10/2022 06:30 AM,13/10/2022 01:00 AM,49.51352076686345
13/10/2022 07:00 AM,13/10/2022 01:30 AM,49.401875205159484
13/10/2022 07:30 AM,13/10/2022 02:00 AM,51.15632540951358
13/10/2022 08:00 AM,13/10/2022 02:30 AM,50.18272691041309
13/10/2022 08:30 AM,13/10/2022 03:00 AM,50.73825876161525
13/10/2022 09:00 AM,13/10/2022 03:30 AM,49.64839585451767
13/10/2022 09:30 AM,13/10/2022 04:00 AM,48.95815789676473
13/10/2022 10:00 AM,13/10/2022 04:30 AM,50.49786790079378
13/10/2022 10:30 AM,13/10/2022 05:00 AM,50.38106692361319
13/10/2022 11:00 AM,13/10/2022 05:30 AM,49.86420493516996
13/10/2022 11:30 AM,13/10/2022 06:00 AM,50.48071446129933
13/10/2022 12:00 PM,13/10/2022 06:30 AM,49.2533288803638
13/10/2022 12:30 PM,13/10/2022 07:00 AM,50.64880160019657
13/10/2022 01:00 PM,13/10/2022 07:30 AM,49.129854671486555
13/10/2022 01:30 PM,13/10/2022 08:00 AM,50.5838427322034
13/10/2022 02:00 PM,13/10/2022 08:30 AM,49.23766284301487
13/10/2022 02:30 PM,13/10/2022 09:00 AM,50.303764379416755
13/10/2022 03:00 PM,13/10/2022 09:30 AM,49.590785611212034
13/10/2022 03:30 PM,13/10/2022 10:00 AM,50.974563259325976
13/10/2022 04:00 PM,13/10/2022 10:30 AM,49.000888934119594
13/10/2022 04:30 PM,13/10/2022 11:00 AM,50.306718209488146
13/10/2022 05:00 PM,13/10/2022 11:30 AM,49.28299870732076
13/10/2022 05:30 PM,13/10/2022 12:00 PM,50.27401331690069
13/10/2022 06:00 PM,13/10/2022 12:30 PM,50.084180476022944
13/10/2022 06:30 PM,13/10/2022 01:00 PM,50.25022091165628
13/10/2022 07:00 PM,13/10/2022 01:30 PM,50.651292773785606
13/10/2022 07:30 PM,13/10/2022 02:00 PM,49.79400307534531
13/10/2022 08:00 PM,13/10/2022 02:30 PM,50.76196526006918
13/10/2022 08:30 PM,13/10/2022 03:00 PM,49.25858132487096
13/10/2022 09:00 PM,13/10/2022 03:30 PM,50.6313212479372
13/10/2022 09:30 PM,13/10/2022 04:00 PM,48.78721548983129
13/10/2022 10:00 PM,13/10/2022 04:30 PM,50.62126595619036
13/10/2022 10:30 PM,13/10/2022 05:00 PM,49.504379482159
13/10/2022 11:00 PM,13/10/2022 05:30 PM,50.85111418407866
13/10/2022 11:30 PM,13/10/2022 06:00 PM,49.315529772845245
14/10/2022 12:00 AM,13/10/2022 06:30 PM,50.624085695942455
14/10/2022 12:30 AM,13/10/2022 07:00 PM,49.23201666181958
14/10/2022 01:00 AM,13/10/2022 07:30 PM,49.978854782305824
14/10/2022 01:30 AM,13/10/2022 08:00 PM,49.586241234288785
14/10/2022 02:00 AM,13/10/2022 08:30 PM,49.71779286250007
14/10/2022 02:30 AM,13/10/2022 09:00 PM,50.39746283276128
14/10/2022 03:00 AM,13/10/2022 09:30 PM,50.334621435557644
14/10/2022 03:30 AM,13/10/2022 10:00 PM,49.6422007010704
14/10/2022 04:00 AM,13/10/2022 10:30 PM,49.82316649536954
14/10/2022 04:30 AM,13/10/2022 11:00 PM,50.412074813397304
14/10/2022 05:00 AM,13/10/2022 11:30 PM,49.29589471756387
14/10/2022 05:30 AM,14/10/2022 12:00 AM,50.69643589038097
14/10/2022 06:00 AM,14/10/2022 12:30 AM,49.34085278037123
14/10/2022 06:30 AM,14/10/2022 01:00 AM,50.86634867911647
14/10/2022 07:00 AM,14/10/2022 01:30 AM,49.877905158891785
14/10/2022 07:30 AM,14/10/2022 02:00 AM,50.56648680937179
14/10/2022 08:00 AM,14/10/2022 02:30 AM,50.171660966565184
14/10/2022 08:30 AM,14/10/2022 03:00 AM,49.67129494237356
14/10/2022 09:00 AM,14/10/2022 03:30 AM,49.83576750656681
14/10/2022 09:30 AM,14/10/2022 04:00 AM,50.45291850671174
14/10/2022 10:00 AM,14/10/2022 04:30 AM,50.05982389980656
14/10/2022 10:30 AM,14/10/2022 05:00 AM,49.75543004802251
14/10/2022 11:00 AM,14/10/2022 05:30 AM,50.62763083906526
14/10/2022 11:30 AM,14/10/2022 06:00 AM,49.372617280002025
14/10/2022 12:00 PM,14/10/2022 06:30 AM,50.64139416152138
14/10/2022 12:30 PM,14/10/2022 07:00 AM,49.096970911600785
14/10/2022 01:00 PM,14/10/2022 07:30 AM,50.030334173258446
14/10/2022 01:30 PM,14/10/2022 08:00 AM,49.595997366923775
14/10/2022 02:00 PM,14/10/2022 08:30 AM,51.3409561946732
14/10/2022 02:30 PM,14/10/2022 09:00 AM,49.154620611200045
14/10/2022 03:00 PM,14/10/2022 09:30 AM,50.172284671738396
14/10/2022 03:30 PM,14/10/2022 10:00 AM,49.74760915156696
14/10/2022 04:00 PM,14/10/2022 10:30 AM,49.772484176658025
14/10/2022 04:30 PM,14/10/2022 11:00 AM,50.28093007452367
14/10/2022 05:00 PM,14/10/2022 11:30 AM,49.335542366160816
14/10/2022 05:30 PM,14/10/2022 12:00 PM,50.67171107831348
14/10/2022 06:00 PM,14/10/2022 12:30 PM,49.45043384640885
14/10/2022 06:30 PM,14/10/2022 01:00 PM,50.973215494209605
14/10/2022 07:00 PM,14/10/2022 01:30 PM,49.91131470129898
14/10/2022 07:30 PM,14/10/2022 02:00 PM,49.205145613915626
14/10/2022 08:00 PM,14/10/2022 02:30 PM,49.516443496020116
14/10/2022 08:30 PM,14/10/2022 03:00 PM,50.645513429623264
14/10/2022 09:00 PM,14/10/2022 03:30 PM,49.875977417092116
14/10/2022 09:30 PM,14/10/2022 04:00 PM,50.04093500546841
14/10/2022 10:00 PM,14/10/2022 04:30 PM,50.59565882900494
14/10/2022 10:30 PM,14/10/2022 05:00 PM,49.660855490773535
14/10/2022 11:00 PM,14/10/2022 05:30 PM,50.81990147836195
14/10/2022 11:30 PM,14/10/2022 06:00 PM,49.16048071542798
15/10/2022 12:00 AM,14/10/2022 06:30 PM,50.366682259788654
15/10/2022 12:30 AM,14/10/2022 07:00 PM,49.101601081121856
15/10/2022 01:00 AM,14/10/2022 07:30 PM,51.51092400401068
15/10/2022 01:30 AM,14/10/2022 08:00 PM,49.145102818381446
15/10/2022 02:00 AM,14/10/2022 08:30 PM,50.52678807446563
15/10/2022 02:30 AM,14/10/2022 09:00 PM,49.306641546828445
15/10/2022 03:00 AM,14/10/2022 09:30 PM,50.2392197758285
15/10/2022 03:30 AM,14/10/2022 10:00 PM,49.79045309364457
15/10/2022 04:00 AM,14/10/2022 10:30 PM,49.57341358034737
15/10/2022 04:30 AM,14/10/2022 11:00 PM,50.25321778860333
15/10/2022 05:00 AM,14/10/2022 11:30 PM,49.25155358895321
15/10/2022 05:30 AM,15/10/2022 12:00 AM,50.87897294464611
15/10/2022 06:00 AM,15/10/2022 12:30 AM,49.61753213369898
15/10/2022 06:30 AM,15/10/2022 01:00 AM,50.60166718864896
15/10/2022 07:00 AM,15/10/2022 01:30 AM,49.31650173708319
15/10/2022 07:30 AM,15/10/2022 02:00 AM,50.87031413083153
15/10/2022 08:00 AM,15/10/2022 02:30 AM,49.446091684165616
15/10/2022 08:30 AM,15/10/2022 03:00 AM,50.7985181904453
15/10/2022 09:00 AM,15/10/2022 03:30 AM,49.64599845351842
15/10/2022 09:30 AM,15/10/2022 04:00 AM,50.361183054036864
15/10/2022 10:00 AM,15/10/2022 04:30 AM,50.28919072070491
15/10/2022 10:30 AM,15/10/2022 05:00 AM,49.87301502356579
15/10/2022 11:00 AM,15/10/2022 05:30 AM,50.637479518019546
15/10/2022 11:30 AM,15/10/2022 06:00 AM,49.09782199936529
15/10/2022 12:00 PM,15/10/2022 06:30 AM,50.31379722012521
15/10/2022 12:30 PM,15/10/2022 07:00 AM,49.746147778571725
15/10/2022 01:00 PM,15/10/2022 07:30 AM,50.55699682817954
15/10/2022 01:30 PM,15/10/2022 08:00 AM,49.15120111183624
15/10/2022 02:00 PM,15/10/2022 08:30 AM,50.60721810108427
15/10/2022 02:30 PM,15/10/2022 09:00 AM,49.19294587492781
15/10/2022 03:00 PM,15/10/2022 09:30 AM,50.405671485839385
15/10/2022 03:30 PM,15/10/2022 10:00 AM,49.48933329525864
15/10/2022 04:00 PM,15/10/2022 10:30 AM,49.96069175382473
15/10/2022 04:30 PM,15/10/2022 11:00 AM,49.96311633040568
15/10/2022 05:00 PM,15/10/2022 11:30 AM,49.7036256771712
15/10/2022 05:30 PM,15/10/2022 12:00 PM,50.12965364595799
15/10/2022 06:00 PM,15/10/2022 12:30 PM,49.923547772906026
15/10/2022 06:30 PM,15/10/2022 01:00 PM,49.76901453593107
15/10/2022 07:00 PM,15/10/2022 01:30 PM,49.75899832108025
15/10/2022 07:30 PM,15/10/2022 02:00 PM,50.7022604797682
15/10/2022 08:00 PM,15/10/2022 02:30 PM,49.60103412001687
15/10/2022 08:30 PM,15/10/2022 03:00 PM,50.96955074008509
15/10/2022 09:00 PM,15/10/2022 03:30 PM,49.410010735807184
15/10/2022 09:30 PM,15/10/2022 04:00 PM,50.723097423258345
15/10/2022 10:00 PM,15/10/2022 04:30 PM,49.617172245415986
15/10/2022 10:30 PM,15/10/2022 05:00 PM,50.315679588634026
15/10/2022 11:00 PM,15/10/2022 05:30 PM,48.78985992170841
15/10/2022 11:30 PM,15/10/2022 06:00 PM,50.95567265212937
16/10/2022 12:00 AM,15/10/2022 06:30 PM,49.74804982367558
16/10/2022 12:30 AM,15/10/2022 07:00 PM,50.606298690393494
16/10/2022 01:00 AM,15/10/2022 07:30 PM,49.85017737562964
16/10/2022 01:30 AM,15/10/2022 08:00 PM,49.716941719774475
16/10/2022 02:00 AM,15/10/2022 08:30 PM,49.963499892048866
16/10/2022 02:30 AM,15/10/2022 09:00 PM,49.157918432207005
16/10/2022 03:00 AM,15/10/2022 09:30 PM,50.4609951190457
16/10/2022 03:30 AM,15/10/2022 10:00 PM,49.22830168605998
16/10/2022 04:00 AM,15/10/2022 10:30 PM,50.77171236669668
16/10/2022 04:30 AM,15/10/2022 11:00 PM,50.261849403256235
16/10/2022 05:00 AM,15/10/2022 11:30 PM,50.600261734103604
16/10/2022 05:30 AM,16/10/2022 12:00 AM,49.02774034860315
16/10/2022 06:00 AM,16/10/2022 12:30 AM,50.33379484017089
16/10/2022 06:30 AM,16/10/2022 01:00 AM,49.44956031537714
16/10/2022 07:00 AM,16/10/2022 01:30 AM,50.207899557284264
16/10/2022 07:30 AM,16/10/2022 02:00 AM,50.507197437977396
16/10/2022 08:00 AM,16/10/2022 02:30 AM,49.84195677061973
16/10/2022 08:30 AM,16/10/2022 03:00 AM,50.82661721144867
16/10/2022 09:00 AM,16/10/2022 03:30 AM,49.3826671423725
16/10/2022 09:30 AM,16/10/2022 04:00 AM,50.80124849956331
16/10/2022 10:00 AM,16/10/2022 04:30 AM,48.64528090823695
16/10/2022 10:30 AM,16/10/2022 05:00 AM,50.70450083809774
16/10/2022 11:00 AM,16/10/2022 05:30 AM,49.50867865052994
16/10/2022 11:30 AM,16/10/2022 06:00 AM,51.041784784492286
16/10/2022 12:00 PM,16/10/2022 06:30 AM,49.75357791174687
16/10/2022 12:30 PM,16/10/2022 07:00 AM,50.35715454750576
16/10/2022 01:00 PM,16/10/2022 07:30 AM,49.811899019809296
16/10/2022 01:30 PM,16/10/2022 08:00 AM,49.44342166979816
16/10/2022 02:00 PM,16/10/2022 08:30 AM,50.59263564705657
16/10/2022 02:30 PM,16/10/2022 09:00 AM,49.12963665272804
16/10/2022 03:00 PM,16/10/2022 09:30 AM,50.42748360767472
16/10/2022 03:30 PM,16/10/2022 10:00 AM,49.83688600124255
16/10/2022 04:00 PM,16/10/2022 10:30 AM,50.66652044059604
16/10/2022 04:30 PM,16/10/2022 11:00 AM,48.996853507752554
16/10/2022 05:00 PM,16/10/2022 11:30 AM,50.23273942916785
16/10/2022 05:30 PM,16/10/2022 12:00 PM,49.3162013858668
16/10/2022 06:00 PM,16/10/2022 12:30 PM,50.03766568352881
16/10/2022 06:30 PM,16/10/2022 01:00 PM,50.107458864965764
16/10/2022 07:00 PM,16/10/2022 01:30 PM,49.719186049011284
16/10/2022 07:30 PM,16/10/2022 02:00 PM,50.61483928912393
16/10/2022 08:00 PM,16/10/2022 02:30 PM,49.33330547779811
16/10/2022 08:30 PM,16/10/2022 03:00 PM,50.84970553613298
16/10/2022 09:00 PM,16/10/2022 03:30 PM,49.29713505451187
16/10/2022 09:30 PM,16/10/2022 04:00 PM,50.54900184287494
16/10/2022 10:00 PM,16/10/2022 04:30 PM,49.408431354624106
16/10/2022 10:30 PM,16/10/2022 05:00 PM,51.023350032564004
16/10/2022 11:00 PM,16/10/2022 05:30 PM,49.71588860472531
16/10/2022 11:30 PM,16/10/2022 06:00 PM,50.71835944467056
17/10/2022 12:00 AM,16/10/2022 06:30 PM,49.79524499918267
17/10/2022 12:30 AM,16/10/2022 07:00 PM,49.96570927247583
17/10/2022 01:00 AM,16/10/2022 07:30 PM,50.251980749975104
17/10/2022 01:30 AM,16/10/2022 08:00 PM,49.46059434619416
17/10/2022 02:00 AM,16/10/2022 08:30 PM,50.605312064720586
17/10/2022 02:30 AM,16/10/2022 09:00 PM,49.81590619199192
17/10/2022 03:00 AM,16/10/2022 09:30 PM,50.62322424455064
17/10/2022 03:30 AM,16/10/2022 10:00 PM,49.4695200425974
17/10/2022 04:00 AM,16/10/2022 10:30 PM,50.520388080671125
17/10/2022 04:30 AM,16/10/2022 11:00 PM,48.9366538366455
17/10/2022 05:00 AM,16/10/2022 11:30 PM,50.306909186665386
17/10/2022 05:30 AM,17/10/2022 12:00 AM,49.42341065363312
17/10/2022 06:00 AM,17/10/2022 12:30 AM,50.102529160490484
17/10/2022 06:30 AM,17/10/2022 01:00 AM,50.12966798164271
17/10/2022 07:00 AM,17/10/2022 01:30 AM,49.427232054776105
17/10/2022 07:30 AM,17/10/2022 02:00 AM,50.57935973786379
17/10/2022 08:00 AM,17/10/2022 02:30 AM,49.66233685198367
17/10/2022 08:30 AM,17/10/2022 03:00 AM,49.91232689791121
17/10/2022 09:00 AM,17/10/2022 03:30 AM,49.25348185375433
17/10/2022 09:30 AM,17/10/2022 04:00 AM,50.7474563248248
17/10/2022 10:00 AM,17/10/2022 04:30 AM,49.503536308395894
17/10/2022 10:30 AM,17/10/2022 05:00 AM,50.79622259905267
17/10/2022 11:00 AM,17/10/2022 05:30 AM,49.71365428804673
17/10/2022 11:30 AM,17/10/2022 06:00 AM,50.17346189761587
17/10/2022 12:00 PM,17/10/2022 06:30 AM,50.43092064590305
17/10/2022 12:30 PM,17/10/2022 07:00 AM,49.74846040305175
17/10/2022 01:00 PM,17/10/2022 07:30 AM,49.564495864287565
17/10/2022 01:30 PM,17/10/2022 08:00 AM,50.22888669903303
17/10/2022 02:00 PM,17/10/2022 08:30 AM,50.82646721121913
17/10/2022 02:30 PM,17/10/2022 09:00 AM,49.50870316747077
17/10/2022 03:00 PM,17/10/2022 09:30 AM,50.75935601019336
17/10/2022 03:30 PM,17/10/2022 10:00 AM,49.32781681244032
17/10/2022 04:00 PM,17/10/2022 10:30 AM,50.548654088351206
17/10/2022 04:30 PM,17/10/2022 11:00 AM,49.79110068037324
17/10/2022 05:00 PM,17/10/2022 11:30 AM,49.76982566555407
17/10/2022 05:30 PM,17/10/2022 12:00 PM,50.09134115649794
17/10/2022 06:00 PM,17/10/2022 12:30 PM,50.59950192704036
17/10/2022 06:30 PM,17/10/2022 01:00 PM,49.86863976621197
17/10/2022 07:00 PM,17/10/2022 01:30 PM,49.30285129445412
17/10/2022 07:30 PM,17/10/2022 02:00 PM,50.491240161362505
17/10/2022 08:00 PM,17/10/2022 02:30 PM,49.17176671211427
17/10/2022 08:30 PM,17/10/2022 03:00 PM,50.27953127587426
17/10/2022 09:00 PM,17/10/2022 03:30 PM,49.34283235820026
17/10/2022 09:30 PM,17/10/2022 04:00 PM,49.5855253062127
17/10/2022 10:00 PM,17/10/2022 04:30 PM,50.55319701114726
17/10/2022 10:30 PM,17/10/2022 05:00 PM,49.50719603075134
17/10/2022 11:00 PM,17/10/2022 05:30 PM,51.00307270942815
17/10/2022 11:30 PM,17/10/2022 06:00 PM,49.4002967585373
18/10/2022 12:00 AM,17/10/2022 06:30 PM,50.52240197790555
18/10/2022 12:30 AM,17/10/2022 07:00 PM,49.0755881183637
18/10/2022 01:00 AM,17/10/2022 07:30 PM,50.612950879188894
18/10/2022 01:30 AM,17/10/2022 08:00 PM,49.89093408916304
18/10/2022 02:00 AM,17/10/2022 08:30 PM,50.43903699699418
18/10/2022 02:30 AM,17/10/2022 09:00 PM,50.60703844351297
18/10/2022 03:00 AM,17/10/2022 09:30 PM,49.564494221742336
18/10/2022 03:30 AM,17/10/2022 10:00 PM,50.749671491186035
18/10/2022 04:00 AM,17/10/2022 10:30 PM,48.7281965479171
18/10/2022 04:30 AM,17/10/2022 11:00 PM,50.478171183732336
18/10/2022 05:00 AM,17/10/2022 11:30 PM,49.561504107586096
18/10/2022 05:30 AM,18/10/2022 12:00 AM,51.081545758921294
18/10/2022 06:00 AM,18/10/2022 12:30 AM,49.616514972836036
18/10/2022 06:30 AM,18/10/2022 01:00 AM,50.62090852228837
18/10/2022 07:00 AM,18/10/2022 01:30 AM,49.5831972816733
18/10/2022 07:30 AM,18/10/2022 02:00 AM,49.73880062296766
18/10/2022 08:00 AM,18/10/2022 02:30 AM,50.07336338319274
18/10/2022 08:30 AM,18/10/2022 03:00 AM,49.346282766953955
18/10/2022 09:00 AM,18/10/2022 03:30 AM,50.51672547722433
18/10/2022 09:30 AM,18/10/2022 04:00 AM,49.88432380693692
18/10/2022 10:00 AM,18/10/2022 04:30 AM,50.2790004667354
18/10/2022 10:30 AM,18/10/2022 05:00 AM,49.35733537828745
18/10/2022 11:00 AM,18/10/2022 05:30 AM,50.34437247246665
18/10/2022 11:30 AM,18/10/2022 06:00 AM,48.86995977425198
18/10/2022 12:00 PM,18/10/2022 06:30 AM,50.42215062959369
18/10/2022 12:30 PM,18/10/2022 07:00 AM,49.40726196350311
18/10/2022 01:00 PM,18/10/2022 07:30 AM,50.476716341159566
18/10/2022 01:30 PM,18/10/2022 08:00 AM,50.1495163237702
18/10/2022 02:00 PM,18/10/2022 08:30 AM,49.958191475220644
18/10/2022 02:30 PM,18/10/2022 09:00 AM,50.5659372031034
18/10/2022 03:00 PM,18/10/2022 09:30 AM,49.413066674382584
18/10/2022 03:30 PM,18/10/2022 10:00 AM,49.81284333821907
18/10/2022 04:00 PM,18/10/2022 10:30 AM,49.83017923798002
18/10/2022 04:30 PM,18/10/2022 11:00 AM,50.58337800152223
18/10/2022 05:00 PM,18/10/2022 11:30 AM,49.72259585831319
18/10/2022 05:30 PM,18/10/2022 12:00 PM,51.04050212170663
18/10/2022 06:00 PM,18/10/2022 12:30 PM,49.52262916748345
18/10/2022 06:30 PM,18/10/2022 01:00 PM,50.730102740054726
18/10/2022 07:00 PM,18/10/2022 01:30 PM,49.32029068818539
18/10/2022 07:30 PM,18/10/2022 02:00 PM,50.03904014551606
18/10/2022 08:00 PM,18/10/2022 02:30 PM,49.89595517156088
18/10/2022 08:30 PM,18/10/2022 03:00 PM,50.82361325181433
18/10/2022 09:00 PM,18/10/2022 03:30 PM,49.686794845819186
18/10/2022 09:30 PM,18/10/2022 04:00 PM,50.28264896673932
18/10/2022 10:00 PM,18/10/2022 04:30 PM,50.10110525747408
18/10/2022 10:30 PM,18/10/2022 05:00 PM,49.39766465152481
18/10/2022 11:00 PM,18/10/2022 05:30 PM,50.23856726432229
18/10/2022 11:30 PM,18/10/2022 06:00 PM,48.93769260251762
19/10/2022 12:00 AM,18/10/2022 06:30 PM,50.574042497265786
19/10/2022 12:30 AM,18/10/2022 07:00 PM,49.33417382807867
19/10/2022 01:00 AM,18/10/2022 07:30 PM,50.73432377728901
19/10/2022 01:30 AM,18/10/2022 08:00 PM,49.87195190541136
19/10/2022 02:00 AM,18/10/2022 08:30 PM,50.38913874529978
19/10/2022 02:30 AM,18/10/2022 09:00 PM,49.229103484746325
19/10/2022 03:00 AM,18/10/2022 09:30 PM,50.46299678881272
19/10/2022 03:30 AM,18/10/2022 10:00 PM,49.59418003983688
19/10/2022 04:00 AM,18/10/2022 10:30 PM,50.11987357133063
19/10/2022 04:30 AM,18/10/2022 11:00 PM,50.431443886874796
19/10/2022 05:00 AM,18/10/2022 11:30 PM,49.90834493548983
19/10/2022 05:30 AM,19/10/2022 12:00 AM,50.953428285394644
19/10/2022 06:00 AM,19/10/2022 12:30 AM,49.36438045409639
19/10/2022 06:30 AM,19/10/2022 01:00 AM,50.58629213281318
19/10/2022 07:00 AM,19/10/2022 01:30 AM,49.25884790969574
19/10/2022 07:30 AM,19/10/2022 02:00 AM,50.03999569642146
19/10/2022 08:00 AM,19/10/2022 02:30 AM,49.375180141728684
19/10/2022 08:30 AM,19/10/2022 03:00 AM,50.814001926717
19/10/2022 09:00 AM,19/10/2022 03:30 AM,49.65133608860801
19/10/2022 09:30 AM,19/10/2022 04:00 AM,50.346142822145616
19/10/2022 10:00 AM,19/10/2022 04:30 AM,49.87117225643403
19/10/2022 10:30 AM,19/10/2022 05:00 AM,49.352240841927674
19/10/2022 11:00 AM,19/10/2022 05:30 AM,50.19672123825995
19/10/2022 11:30 AM,19/10/2022 06:00 AM,49.052076996809355
19/10/2022 12:00 PM,19/10/2022 06:30 AM,50.705289493554375
19/10/2022 12:30 PM,19/10/2022 07:00 AM,49.50802256961483
19/10/2022 01:00 PM,19/10/2022 07:30 AM,51.554974806643315
19/10/2022 01:30 PM,19/10/2022 08:00 AM,49.18341277816659
19/10/2022 02:00 PM,19/10/2022 08:30 AM,50.401196976606826
19/10/2022 02:30 PM,19/10/2022 09:00 AM,49.32091887731064
19/10/2022 03:00 PM,19/10/2022 09:30 AM,49.96185497650554
19/10/2022 03:30 PM,19/10/2022 10:00 AM,50.301998096859016
19/10/2022 04:00 PM,19/10/2022 10:30 AM,49.84928061021043
19/10/2022 04:30 PM,19/10/2022 11:00 AM,50.929685989176114
19/10/2022 05:00 PM,19/10/2022 11:30 AM,49.48032824038006
19/10/2022 05:30 PM,19/10/2022 12:00 PM,50.84053540647279
19/10/2022 06:00 PM,19/10/2022 12:30 PM,49.42154747673923
19/10/2022 06:30 PM,19/10/2022 01:00 PM,49.98166627570949
19/10/2022 07:00 PM,19/10/2022 01:30 PM,49.35014076455307
19/10/2022 07:30 PM,19/10/2022 02:00 PM,50.956764621541076
19/10/2022 08:00 PM,19/10/2022 02:30 PM,49.71728678353582
19/10/2022 08:30 PM,19/10/2022 03:00 PM,50.75924401626924
19/10/2022 09:00 PM,19/10/2022 03:30 PM,49.885399588192364
19/10/2022 09:30 PM,19/10/2022 04:00 PM,49.84558150927642
19/10/2022 10:00 PM,19/10/2022 04:30 PM,50.02079631524088
19/10/2022 10:30 PM,19/10/2022 05:00 PM,42.90102318098622
19/10/2022 11:00 PM,19/10/2022 05:30 PM,50.323657889542964
19/10/2022 11:30 PM,19/10/2022 06:00 PM,52.67676307753402
20/10/2022 12:00 AM,19/10/2022 06:30 PM,49.55714588979912
20/10/2022 12:30 AM,19/10/2022 07:00 PM,49.79683293051238
20/10/2022 01:00 AM,19/10/2022 07:30 PM,49.22347366868744
20/10/2022 01:30 AM,19/10/2022 08:00 PM,51.61617939357461
20/10/2022 02:00 AM,19/10/2022 08:30 PM,48.380694465598516
20/10/2022 02:30 AM,19/10/2022 09:00 PM,52.03065952511446
20/10/2022 03:00 AM,19/10/2022 09:30 PM,48.383102811883695
20/10/2022 03:30 AM,19/10/2022 10:00 PM,51.2380302507513
20/10/2022 04:00 AM,19/10/2022 10:30 PM,48.614550022516745
20/10/2022 04:30 AM,19/10/2022 11:00 PM,51.05817827396783
20/10/2022 05:00 AM,19/10/2022 11:30 PM,49.34707596490696
20/10/2022 05:30 AM,20/10/2022 12:00 AM,51.05800454389081
20/10/2022 06:00 AM,20/10/2022 12:30 AM,49.173792760473575
20/10/2022 06:30 AM,20/10/2022 01:00 AM,51.04122512486406
20/10/2022 07:00 AM,20/10/2022 01:30 AM,50.03512095754564
20/10/2022 07:30 AM,20/10/2022 02:00 AM,49.769996041177
20/10/2022 08:00 AM,20/10/2022 02:30 AM,50.28040824456932
20/10/2022 08:30 AM,20/10/2022 03:00 AM,49.69758738063708
20/10/2022 09:00 AM,20/10/2022 03:30 AM,50.62600390936302
20/10/2022 09:30 AM,20/10/2022 04:00 AM,49.42203767126352
20/10/2022 10:00 AM,20/10/2022 04:30 AM,50.21684478329942
20/10/2022 10:30 AM,20/10/2022 05:00 AM,49.60702098211062
20/10/2022 11:00 AM,20/10/2022 05:30 AM,49.923276404894416
20/10/2022 11:30 AM,20/10/2022 06:00 AM,51.27990285819319
20/10/2022 12:00 PM,20/10/2022 06:30 AM,48.71052716460421
20/10/2022 12:30 PM,20/10/2022 07:00 AM,51.36990909881879
20/10/2022 01:00 PM,20/10/2022 07:30 AM,48.88203400927264
20/10/2022 01:30 PM,20/10/2022 08:00 AM,51.18690961676331
20/10/2022 02:00 PM,20/10/2022 08:30 AM,49.20039338002305
20/10/2022 02:30 PM,20/10/2022 09:00 AM,50.83171189285354
20/10/2022 03:00 PM,20/10/2022 09:30 AM,49.29146412883685
20/10/2022 03:30 PM,20/10/2022 10:00 AM,51.20121338907068
20/10/2022 04:00 PM,20/10/2022 10:30 AM,48.64718418869693
20/10/2022 04:30 PM,20/10/2022 11:00 AM,51.04832553792442
20/10/2022 05:00 PM,20/10/2022 11:30 AM,49.66797766272
20/10/2022 05:30 PM,20/10/2022 12:00 PM,49.65182515031418
20/10/2022 06:00 PM,20/10/2022 12:30 PM,49.925669013605926
20/10/2022 06:30 PM,20/10/2022 01:00 PM,49.98452066678141
20/10/2022 07:00 PM,20/10/2022 01:30 PM,50.93684625751277
20/10/2022 07:30 PM,20/10/2022 02:00 PM,49.31673648148177
20/10/2022 08:00 PM,20/10/2022 02:30 PM,50.458386978693134
20/10/2022 08:30 PM,20/10/2022 03:00 PM,49.72356541511055
20/10/2022 09:00 PM,20/10/2022 03:30 PM,49.426142444616055
20/10/2022 09:30 PM,20/10/2022 04:00 PM,50.69439212215388
20/10/2022 10:00 PM,20/10/2022 04:30 PM,49.940604656745684
20/10/2022 10:30 PM,20/10/2022 05:00 PM,49.163237051667416
20/10/2022 11:00 PM,20/10/2022 05:30 PM,51.32321863405749
20/10/2022 11:30 PM,20/10/2022 06:00 PM,48.6995790498066
21/10/2022 12:00 AM,20/10/2022 06:30 PM,50.48009304262178
21/10/2022 12:30 AM,20/10/2022 07:00 PM,50.38192984852207
21/10/2022 01:00 AM,20/10/2022 07:30 PM,49.046397015035666
21/10/2022 01:30 AM,20/10/2022 08:00 PM,49.600720472894025
21/10/2022 02:00 AM,20/10/2022 08:30 PM,50.53528893727688
21/10/2022 02:30 AM,20/10/2022 09:00 PM,49.98314393735362
21/10/2022 03:00 AM,20/10/2022 09:30 PM,49.47473652019667
21/10/2022 03:30 AM,20/10/2022 10:00 PM,50.648897931084235
21/10/2022 04:00 AM,20/10/2022 10:30 PM,49.76080562568299
21/10/2022 04:30 AM,20/10/2022 11:00 PM,49.50412888100959
21/10/2022 05:00 AM,20/10/2022 11:30 PM,50.727248001625796
21/10/2022 05:30 AM,21/10/2022 12:00 AM,51.194973169037354
21/10/2022 06:00 AM,21/10/2022 12:30 AM,48.667381330665144
21/10/2022 06:30 AM,21/10/2022 01:00 AM,50.84798145617055
21/10/2022 07:00 AM,21/10/2022 01:30 AM,50.227330200979345
21/10/2022 07:30 AM,21/10/2022 02:00 AM,48.89698910019022
21/10/2022 08:00 AM,21/10/2022 02:30 AM,51.438825587514465
21/10/2022 08:30 AM,21/10/2022 03:00 AM,48.955606319840875
21/10/2022 09:00 AM,21/10/2022 03:30 AM,49.679864632892254
21/10/2022 09:30 AM,21/10/2022 04:00 AM,50.2294426919642
21/10/2022 10:00 AM,21/10/2022 04:30 AM,50.32799650616647
21/10/2022 10:30 AM,21/10/2022 05:00 AM,49.24585716912889
21/10/2022 11:00 AM,21/10/2022 05:30 AM,50.51384931632177
21/10/2022 11:30 AM,21/10/2022 06:00 AM,50.01024423553837
21/10/2022 12:00 PM,21/10/2022 06:30 AM,49.486591005539246
21/10/2022 12:30 PM,21/10/2022 07:00 AM,50.58751558891427
21/10/2022 01:00 PM,21/10/2022 07:30 AM,49.77797005768052
21/10/2022 01:30 PM,21/10/2022 08:00 AM,49.6467251698487
21/10/2022 02:00 PM,21/10/2022 08:30 AM,49.47411889475955
21/10/2022 02:30 PM,21/10/2022 09:00 AM,51.222426447450715
21/10/2022 03:00 PM,21/10/2022 09:30 AM,48.74604555167837
21/10/2022 03:30 PM,21/10/2022 10:00 AM,50.5790604163985
21/10/2022 04:00 PM,21/10/2022 10:30 AM,50.48369840890331
21/10/2022 04:30 PM,21/10/2022 11:00 AM,50.50238935156781
21/10/2022 05:00 PM,21/10/2022 11:30 AM,49.100591824559565
21/10/2022 05:30 PM,21/10/2022 12:00 PM,51.28675817537799
21/10/2022 06:00 PM,21/10/2022 12:30 PM,51.63799581963168
21/10/2022 06:30 PM,21/10/2022 01:00 PM,47.9001361420056
21/10/2022 07:00 PM,21/10/2022 01:30 PM,50.684037978406735
21/10/2022 07:30 PM,21/10/2022 02:00 PM,49.200572415963656
21/10/2022 08:00 PM,21/10/2022 02:30 PM,50.41100446572302
21/10/2022 08:30 PM,21/10/2022 03:00 PM,49.59163205540782
21/10/2022 09:00 PM,21/10/2022 03:30 PM,50.483208057885385
21/10/2022 09:30 PM,21/10/2022 04:00 PM,49.227094883810345
21/10/2022 10:00 PM,21/10/2022 04:30 PM,50.57907835718505
21/10/2022 10:30 PM,21/10/2022 05:00 PM,49.958434156412444
21/10/2022 11:00 PM,21/10/2022 05:30 PM,49.126753449100434
21/10/2022 11:30 PM,21/10/2022 06:00 PM,47.64460653305857
22/10/2022 12:00 AM,21/10/2022 06:30 PM,52.14176647388302
22/10/2022 12:30 AM,21/10/2022 07:00 PM,48.993170683969154
22/10/2022 01:00 AM,21/10/2022 07:30 PM,48.72102023963216
22/10/2022 01:30 AM,21/10/2022 08:00 PM,51.399400651606356
22/10/2022 02:00 AM,21/10/2022 08:30 PM,49.75727817741595
22/10/2022 02:30 AM,21/10/2022 09:00 PM,48.935247444185926
22/10/2022 03:00 AM,21/10/2022 09:30 PM,52.803279591923335
22/10/2022 03:30 AM,21/10/2022 10:00 PM,47.11581854071904
22/10/2022 04:00 AM,21/10/2022 10:30 PM,51.55966607465697
22/10/2022 04:30 AM,21/10/2022 11:00 PM,50.07489082172441
22/10/2022 05:00 AM,21/10/2022 11:30 PM,49.57685896859194
22/10/2022 05:30 AM,22/10/2022 12:00 AM,49.46231460275087
22/10/2022 06:00 AM,22/10/2022 12:30 AM,51.91118960116097
22/10/2022 06:30 AM,22/10/2022 01:00 AM,47.73265817175345
22/10/2022 07:00 AM,22/10/2022 01:30 AM,50.712263680705185
22/10/2022 07:30 AM,22/10/2022 02:00 AM,51.05871701958312
22/10/2022 08:00 AM,22/10/2022 02:30 AM,47.29214763176365
22/10/2022 08:30 AM,22/10/2022 03:00 AM,52.17835709700182
22/10/2022 09:00 AM,22/10/2022 03:30 AM,49.54238346171238
22/10/2022 09:30 AM,22/10/2022 04:00 AM,48.37648840452244
22/10/2022 10:00 AM,22/10/2022 04:30 AM,52.08956192398633
22/10/2022 10:30 AM,22/10/2022 05:00 AM,49.02286606499794
22/10/2022 11:00 AM,22/10/2022 05:30 AM,49.55977852956849
22/10/2022 11:30 AM,22/10/2022 06:00 AM,50.56866426111042
22/10/2022 12:00 PM,22/10/2022 06:30 AM,49.679809073581815
22/10/2022 12:30 PM,22/10/2022 07:00 AM,50.071735109153316
22/10/2022 01:00 PM,22/10/2022 07:30 AM,50.228964751309185
22/10/2022 01:30 PM,22/10/2022 08:00 AM,48.95063155231181
22/10/2022 02:00 PM,22/10/2022 08:30 AM,50.99496710853504
22/10/2022 02:30 PM,22/10/2022 09:00 AM,50.0694636862173
22/10/2022 03:00 PM,22/10/2022 09:30 AM,48.827300528403356
22/10/2022 03:30 PM,22/10/2022 10:00 AM,50.926608100094406
22/10/2022 04:00 PM,22/10/2022 10:30 AM,49.77260845626395
22/10/2022 04:30 PM,22/10/2022 11:00 AM,49.48139052249977
22/10/2022 05:00 PM,22/10/2022 11:30 AM,50.95671090126282
22/10/2022 05:30 PM,22/10/2022 12:00 PM,49.430838427234995
22/10/2022 06:00 PM,22/10/2022 12:30 PM,49.94399495974628
22/10/2022 06:30 PM,22/10/2022 01:00 PM,50.88010913159503
22/10/2022 07:00 PM,22/10/2022 01:30 PM,49.774513780811155
22/10/2022 07:30 PM,22/10/2022 02:00 PM,49.40120255280149
22/10/2022 08:00 PM,22/10/2022 02:30 PM,50.453583032278026
22/10/2022 08:30 PM,22/10/2022 03:00 PM,50.03414931607218
22/10/2022 09:00 PM,22/10/2022 03:30 PM,49.46073591127052
22/10/2022 09:30 PM,22/10/2022 04:00 PM,50.57357231085064
22/10/2022 10:00 PM,22/10/2022 04:30 PM,49.69805361856404
22/10/2022 10:30 PM,22/10/2022 05:00 PM,49.558210100126075
22/10/2022 11:00 PM,22/10/2022 05:30 PM,50.70931564268574
22/10/2022 11:30 PM,22/10/2022 06:00 PM,50.179442384928684
23/10/2022 12:00 AM,22/10/2022 06:30 PM,48.6725883317125
23/10/2022 12:30 AM,22/10/2022 07:00 PM,51.742963981527225
23/10/2022 01:00 AM,22/10/2022 07:30 PM,48.284945917148974
23/10/2022 01:30 AM,22/10/2022 08:00 PM,50.94639899079169
23/10/2022 02:00 AM,22/10/2022 08:30 PM,50.432194690286686
23/10/2022 02:30 AM,22/10/2022 09:00 PM,49.09352571493144
23/10/2022 03:00 AM,22/10/2022 09:30 PM,50.78135438370708
23/10/2022 03:30 AM,22/10/2022 10:00 PM,49.69173152216923
23/10/2022 04:00 AM,22/10/2022 10:30 PM,49.66091715608428
23/10/2022 04:30 AM,22/10/2022 11:00 PM,49.77424383809412
23/10/2022 05:00 AM,22/10/2022 11:30 PM,51.254519779092305
23/10/2022 05:30 AM,23/10/2022 12:00 AM,48.1636143841485
23/10/2022 06:00 AM,23/10/2022 12:30 AM,51.84256018044609
23/10/2022 06:30 AM,23/10/2022 01:00 AM,49.03743871019097
23/10/2022 07:00 AM,23/10/2022 01:30 AM,49.29348236302864
23/10/2022 07:30 AM,23/10/2022 02:00 AM,51.53413839374395
23/10/2022 08:00 AM,23/10/2022 02:30 AM,49.08827913297224
23/10/2022 08:30 AM,23/10/2022 03:00 AM,50.13447399576194
23/10/2022 09:00 AM,23/10/2022 03:30 AM,50.33470042543783
23/10/2022 09:30 AM,23/10/2022 04:00 AM,49.35799594801759
23/10/2022 10:00 AM,23/10/2022 04:30 AM,49.52320354653731
23/10/2022 10:30 AM,23/10/2022 05:00 AM,50.996241439408976
23/10/2022 11:00 AM,23/10/2022 05:30 AM,49.581268563022725
23/10/2022 11:30 AM,23/10/2022 06:00 AM,49.52960272494457
23/10/2022 12:00 PM,23/10/2022 06:30 AM,50.41750991804978
23/10/2022 12:30 PM,23/10/2022 07:00 AM,48.65606886202537
23/10/2022 01:00 PM,23/10/2022 07:30 AM,50.81871801379139
23/10/2022 01:30 PM,23/10/2022 08:00 AM,51.302688635464456
23/10/2022 02:00 PM,23/10/2022 08:30 AM,47.49080895823561
23/10/2022 02:30 PM,23/10/2022 09:00 AM,51.58916892037275
23/10/2022 03:00 PM,23/10/2022 09:30 AM,49.81236445922599
23/10/2022 03:30 PM,23/10/2022 10:00 AM,49.02532098919202
23/10/2022 04:00 PM,23/10/2022 10:30 AM,51.59468802078546
23/10/2022 04:30 PM,23/10/2022 11:00 AM,49.03360760141334
23/10/2022 05:00 PM,23/10/2022 11:30 AM,50.295304515476744
23/10/2022 05:30 PM,23/10/2022 12:00 PM,49.92821433639016
23/10/2022 06:00 PM,23/10/2022 12:30 PM,50.389508094377135
23/10/2022 06:30 PM,23/10/2022 01:00 PM,48.48780105943403
23/10/2022 07:00 PM,23/10/2022 01:30 PM,51.80040611722321
23/10/2022 07:30 PM,23/10/2022 02:00 PM,49.051113667876216
23/10/2022 08:00 PM,23/10/2022 02:30 PM,50.06060782136071
23/10/2022 08:30 PM,23/10/2022 03:00 PM,50.764864639858935
23/10/2022 09:00 PM,23/10/2022 03:30 PM,48.462391451557984
23/10/2022 09:30 PM,23/10/2022 04:00 PM,50.874007217440855
23/10/2022 10:00 PM,23/10/2022 04:30 PM,51.13270975036507
23/10/2022 10:30 PM,23/10/2022 05:00 PM,47.916896430280616
23/10/2022 11:00 PM,23/10/2022 05:30 PM,51.205468903914
23/10/2022 11:30 PM,23/10/2022 06:00 PM,51.10034612747009
24/10/2022 12:00 AM,23/10/2022 06:30 PM,47.195974774529894
24/10/2022 12:30 AM,23/10/2022 07:00 PM,51.15458196440576
24/10/2022 01:00 AM,23/10/2022 07:30 PM,51.33568098936417
24/10/2022 01:30 AM,23/10/2022 08:00 PM,47.5973509903811
24/10/2022 02:00 AM,23/10/2022 08:30 PM,51.43315660686113
24/10/2022 02:30 AM,23/10/2022 09:00 PM,51.08054426447206
24/10/2022 03:00 AM,23/10/2022 09:30 PM,47.504103989741395
24/10/2022 03:30 AM,23/10/2022 10:00 PM,52.123096595691486
24/10/2022 04:00 AM,23/10/2022 10:30 PM,49.62218159831361
24/10/2022 04:30 AM,23/10/2022 11:00 PM,48.30649012904246
24/10/2022 05:00 AM,23/10/2022 11:30 PM,51.47601427384708
24/10/2022 05:30 AM,24/10/2022 12:00 AM,49.15539670748677
24/10/2022 06:00 AM,24/10/2022 12:30 AM,50.48818931023518
24/10/2022 06:30 AM,24/10/2022 01:00 AM,51.07372086064103
24/10/2022 07:00 AM,24/10/2022 01:30 AM,48.3281478007884
24/10/2022 07:30 AM,24/10/2022 02:00 AM,49.6369913561497
24/10/2022 08:00 AM,24/10/2022 02:30 AM,52.28915225469846
24/10/2022 08:30 AM,24/10/2022 03:00 AM,48.85716318435903
24/10/2022 09:00 AM,24/10/2022 03:30 AM,48.59535561240401
24/10/2022 09:30 AM,24/10/2022 04:00 AM,52.7976722429816
24/10/2022 10:00 AM,24/10/2022 04:30 AM,47.77371356301177
24/10/2022 10:30 AM,24/10/2022 05:00 AM,50.90868256002789
24/10/2022 11:00 AM,24/10/2022 05:30 AM,51.17720046440885
24/10/2022 11:30 AM,24/10/2022 06:00 AM,47.85306194293427
24/10/2022 12:00 PM,24/10/2022 06:30 AM,51.86560893947422
24/10/2022 12:30 PM,24/10/2022 07:00 AM,49.33675104949799
24/10/2022 01:00 PM,24/10/2022 07:30 AM,49.9241670422939
24/10/2022 01:30 PM,24/10/2022 08:00 AM,49.59292993178155
24/10/2022 02:00 PM,24/10/2022 08:30 AM,51.593621041914524
24/10/2022 02:30 PM,24/10/2022 09:00 AM,47.75851580840535
24/10/2022 03:00 PM,24/10/2022 09:30 AM,51.6764199113075
24/10/2022 03:30 PM,24/10/2022 10:00 AM,49.677015478819904
24/10/2022 04:00 PM,24/10/2022 10:30 AM,48.25534959864475
24/10/2022 04:30 PM,24/10/2022 11:00 AM,52.677256908515005
24/10/2022 05:00 PM,24/10/2022 11:30 AM,47.65864943906746
24/10/2022 05:30 PM,24/10/2022 12:00 PM,50.26545119450675
24/10/2022 06:00 PM,24/10/2022 12:30 PM,50.67920640457323
24/10/2022 06:30 PM,24/10/2022 01:00 PM,50.19808100609399
24/10/2022 07:00 PM,24/10/2022 01:30 PM,48.741396896932
24/10/2022 07:30 PM,24/10/2022 02:00 PM,51.791017054854706
24/10/2022 08:00 PM,24/10/2022 02:30 PM,49.19210528318596
24/10/2022 08:30 PM,24/10/2022 03:00 PM,49.1607621775384
24/10/2022 09:00 PM,24/10/2022 03:30 PM,52.2144294531557
24/10/2022 09:30 PM,24/10/2022 04:00 PM,48.3196267782556
24/10/2022 10:00 PM,24/10/2022 04:30 PM,48.7858960882334
24/10/2022 10:30 PM,24/10/2022 05:00 PM,50.48147258291888
24/10/2022 11:00 PM,24/10/2022 05:30 PM,50.540845646416585
24/10/2022 11:30 PM,24/10/2022 06:00 PM,49.75110124278885
25/10/2022 12:00 AM,24/10/2022 06:30 PM,50.33893266328638
25/10/2022 12:30 AM,24/10/2022 07:00 PM,49.35829564288869
25/10/2022 01:00 AM,24/10/2022 07:30 PM,49.42428327624694
25/10/2022 01:30 AM,24/10/2022 08:00 PM,50.70201982864702
25/10/2022 02:00 AM,24/10/2022 08:30 PM,49.74675988745835
25/10/2022 02:30 AM,24/10/2022 09:00 PM,50.16494490530903
25/10/2022 03:00 AM,24/10/2022 09:30 PM,50.98013748532571
25/10/2022 03:30 AM,24/10/2022 10:00 PM,48.942561061567964
25/10/2022 04:00 AM,24/10/2022 10:30 PM,50.18981921641133
25/10/2022 04:30 AM,24/10/2022 11:00 PM,50.24996235123596
25/10/2022 05:00 AM,24/10/2022 11:30 PM,49.37783371399029
25/10/2022 05:30 AM,25/10/2022 12:00 AM,50.720049429606995
25/10/2022 06:00 AM,25/10/2022 12:30 AM,50.08976167961139
25/10/2022 06:30 AM,25/10/2022 01:00 AM,49.355009112973015
25/10/2022 07:00 AM,25/10/2022 01:30 AM,50.29658540435539
25/10/2022 07:30 AM,25/10/2022 02:00 AM,49.90603198992631
25/10/2022 08:00 AM,25/10/2022 02:30 AM,49.843737765442036
25/10/2022 08:30 AM,25/10/2022 03:00 AM,50.71033704577443
25/10/2022 09:00 AM,25/10/2022 03:30 AM,49.93681820333176
25/10/2022 09:30 AM,25/10/2022 04:00 AM,49.3265921020927
25/10/2022 10:00 AM,25/10/2022 04:30 AM,49.8148092220809
25/10/2022 10:30 AM,25/10/2022 05:00 AM,50.424300511933076
25/10/2022 11:00 AM,25/10/2022 05:30 AM,49.87421911639915
25/10/2022 11:30 AM,25/10/2022 06:00 AM,49.35251025347244
25/10/2022 12:00 PM,25/10/2022 06:30 AM,50.5408692874565
25/10/2022 12:30 PM,25/10/2022 07:00 AM,50.77626155645272
25/10/2022 01:00 PM,25/10/2022 07:30 AM,49.84688948149053
25/10/2022 01:30 PM,25/10/2022 08:00 AM,49.41255721591452
25/10/2022 02:00 PM,25/10/2022 08:30 AM,50.01422251393823
25/10/2022 02:30 PM,25/10/2022 09:00 AM,50.21525798750884
25/10/2022 03:00 PM,25/10/2022 09:30 AM,49.38708858213683
25/10/2022 03:30 PM,25/10/2022 10:00 AM,49.23660975841732
25/10/2022 04:00 PM,25/10/2022 10:30 AM,51.676772784963596
25/10/2022 04:30 PM,25/10/2022 11:00 AM,50.511519951776826
25/10/2022 05:00 PM,25/10/2022 11:30 AM,49.36452052907318
25/10/2022 05:30 PM,25/10/2022 12:00 PM,49.09645232888863
25/10/2022 06:00 PM,25/10/2022 12:30 PM,49.80837915289044
25/10/2022 06:30 PM,25/10/2022 01:00 PM,50.20548475500349
25/10/2022 07:00 PM,25/10/2022 01:30 PM,49.80460134341876
25/10/2022 07:30 PM,25/10/2022 02:00 PM,49.693500689119254
25/10/2022 08:00 PM,25/10/2022 02:30 PM,50.28849998185772
25/10/2022 08:30 PM,25/10/2022 03:00 PM,51.123327794577264
25/10/2022 09:00 PM,25/10/2022 03:30 PM,49.53140243100608
25/10/2022 09:30 PM,25/10/2022 04:00 PM,49.22488959134757
25/10/2022 10:00 PM,25/10/2022 04:30 PM,49.932965737922125
25/10/2022 10:30 PM,25/10/2022 05:00 PM,50.508038051824705
25/10/2022 11:00 PM,25/10/2022 05:30 PM,50.21366680407448
25/10/2022 11:30 PM,25/10/2022 06:00 PM,49.5638954885242
26/10/2022 12:00 AM,25/10/2022 06:30 PM,49.62626292706033
26/10/2022 12:30 AM,25/10/2022 07:00 PM,50.352782754571145
26/10/2022 01:00 AM,25/10/2022 07:30 PM,50.587429522939836
26/10/2022 01:30 AM,25/10/2022 08:00 PM,50.37279710148176
26/10/2022 02:00 AM,25/10/2022 08:30 PM,49.15684286273926
26/10/2022 02:30 AM,25/10/2022 09:00 PM,49.46537568944109
26/10/2022 03:00 AM,25/10/2022 09:30 PM,50.416799319714904
26/10/2022 03:30 AM,25/10/2022 10:00 PM,50.56535872672712
26/10/2022 04:00 AM,25/10/2022 10:30 PM,49.75704923682718
26/10/2022 04:30 AM,25/10/2022 11:00 PM,49.71574026275929
26/10/2022 05:00 AM,25/10/2022 11:30 PM,50.51723018441019
26/10/2022 05:30 AM,26/10/2022 12:00 AM,50.42573745623264
26/10/2022 06:00 AM,26/10/2022 12:30 AM,49.64098708685788
26/10/2022 06:30 AM,26/10/2022 01:00 AM,49.2936762312736
26/10/2022 07:00 AM,26/10/2022 01:30 AM,50.459879977374776
26/10/2022 07:30 AM,26/10/2022 02:00 AM,50.36450112083111
26/10/2022 08:00 AM,26/10/2022 02:30 AM,49.5913557619499
26/10/2022 08:30 AM,26/10/2022 03:00 AM,49.5121384383534
26/10/2022 09:00 AM,26/10/2022 03:30 AM,50.43251539923876
26/10/2022 09:30 AM,26/10/2022 04:00 AM,50.816196766528066
26/10/2022 10:00 AM,26/10/2022 04:30 AM,49.97659871523351
26/10/2022 10:30 AM,26/10/2022 05:00 AM,49.49591388750815
26/10/2022 11:00 AM,26/10/2022 05:30 AM,49.606602971381726
26/10/2022 11:30 AM,26/10/2022 06:00 AM,50.480556610051956
26/10/2022 12:00 PM,26/10/2022 06:30 AM,49.731574870907515
26/10/2022 12:30 PM,26/10/2022 07:00 AM,49.89710425613817
26/10/2022 01:00 PM,26/10/2022 07:30 AM,49.44657838212407
