Interval, Interval (UTC),Distance.Average
21/10/2022 01:30 PM,21/10/2022 08:00 AM,48.58154702936937
21/10/2022 01:36 PM,21/10/2022 08:06 AM,52.914402263727915
21/10/2022 01:42 PM,21/10/2022 08:12 AM,44.69014569043628
21/10/2022 01:48 PM,21/10/2022 08:18 AM,52.72520145856295
21/10/2022 01:54 PM,21/10/2022 08:24 AM,40.57533479576234
21/10/2022 02:00 PM,21/10/2022 08:30 AM,51.809270673852595
21/10/2022 02:06 PM,21/10/2022 08:36 AM,53.0835480582189
21/10/2022 02:12 PM,21/10/2022 08:42 AM,48.46240892174886
21/10/2022 02:18 PM,21/10/2022 08:48 AM,46.30208892827445
21/10/2022 02:24 PM,21/10/2022 08:54 AM,47.49212083549198
21/10/2022 02:30 PM,21/10/2022 09:00 AM,55.24990219034184
21/10/2022 02:36 PM,21/10/2022 09:06 AM,49.791473798145695
21/10/2022 02:42 PM,21/10/2022 09:12 AM,53.11992648956003
21/10/2022 02:48 PM,21/10/2022 09:18 AM,47.824480506323155
21/10/2022 02:54 PM,21/10/2022 09:24 AM,48.933572228549714
21/10/2022 03:00 PM,21/10/2022 09:30 AM,51.934514526373825
21/10/2022 03:06 PM,21/10/2022 09:36 AM,54.50764326202165
21/10/2022 03:12 PM,21/10/2022 09:42 AM,46.49353498575874
21/10/2022 03:18 PM,21/10/2022 09:48 AM,46.187921754583314
21/10/2022 03:24 PM,21/10/2022 09:54 AM,56.24522600781628
21/10/2022 03:30 PM,21/10/2022 10:00 AM,49.154185534324
21/10/2022 03:36 PM,21/10/2022 10:06 AM,49.60642053183867
21/10/2022 03:42 PM,21/10/2022 10:12 AM,48.6839791761423
21/10/2022 03:48 PM,21/10/2022 10:18 AM,46.90422696723961
21/10/2022 03:54 PM,21/10/2022 10:24 AM,53.342994497722074
21/10/2022 04:00 PM,21/10/2022 10:30 AM,50.51344758831311
21/10/2022 04:06 PM,21/10/2022 10:36 AM,47.02760043284043
21/10/2022 04:12 PM,21/10/2022 10:42 AM,47.373529487289204
21/10/2022 04:18 PM,21/10/2022 10:48 AM,56.000376497515596
21/10/2022 04:24 PM,21/10/2022 10:54 AM,49.813911575639274
21/10/2022 04:30 PM,21/10/2022 11:00 AM,52.90467661958983
21/10/2022 04:36 PM,21/10/2022 11:06 AM,47.27627573417145
21/10/2022 04:42 PM,21/10/2022 11:12 AM,45.36080735793263
21/10/2022 04:48 PM,21/10/2022 11:18 AM,53.93640353815901
21/10/2022 04:54 PM,21/10/2022 11:24 AM,51.86906470921273
21/10/2022 05:00 PM,21/10/2022 11:30 AM,52.20136117837252
21/10/2022 05:06 PM,21/10/2022 11:36 AM,45.78561325733356
21/10/2022 05:12 PM,21/10/2022 11:42 AM,53.031612625457704
21/10/2022 05:18 PM,21/10/2022 11:48 AM,49.262508506795065
21/10/2022 05:24 PM,21/10/2022 11:54 AM,42.32457201749532
21/10/2022 05:30 PM,21/10/2022 12:00 PM,49.99483350952418
21/10/2022 05:36 PM,21/10/2022 12:06 PM,51.502262148233626
21/10/2022 05:42 PM,21/10/2022 12:12 PM,50.456633923284485
21/10/2022 05:48 PM,21/10/2022 12:18 PM,53.43703173270167
21/10/2022 05:54 PM,21/10/2022 12:24 PM,46.76276755731437
21/10/2022 06:00 PM,21/10/2022 12:30 PM,49.52080023775378
21/10/2022 06:06 PM,21/10/2022 12:36 PM,49.537011947882434
21/10/2022 06:12 PM,21/10/2022 12:42 PM,53.95634945933345
21/10/2022 06:18 PM,21/10/2022 12:48 PM,47.30762003854128
21/10/2022 06:24 PM,21/10/2022 12:54 PM,47.32369003151806
21/10/2022 06:30 PM,21/10/2022 01:00 PM,52.08050006041941
21/10/2022 06:36 PM,21/10/2022 01:06 PM,48.969116342046235
21/10/2022 06:42 PM,21/10/2022 01:12 PM,55.184112339896785
21/10/2022 06:48 PM,21/10/2022 01:18 PM,47.14802166765107
21/10/2022 06:54 PM,21/10/2022 01:24 PM,46.42760086263119
21/10/2022 07:00 PM,21/10/2022 01:30 PM,56.95776037605324
21/10/2022 07:06 PM,21/10/2022 01:36 PM,52.32768965073528
21/10/2022 07:12 PM,21/10/2022 01:42 PM,44.4466604858247
21/10/2022 07:18 PM,21/10/2022 01:48 PM,48.49866670260638
21/10/2022 07:24 PM,21/10/2022 01:54 PM,49.787033990201586
21/10/2022 07:30 PM,21/10/2022 02:00 PM,50.51294278366919
21/10/2022 07:36 PM,21/10/2022 02:06 PM,47.59386519364132
21/10/2022 07:42 PM,21/10/2022 02:12 PM,47.92246750119371
21/10/2022 07:48 PM,21/10/2022 02:18 PM,49.4151219695934
21/10/2022 07:54 PM,21/10/2022 02:24 PM,51.604038881465044
21/10/2022 08:00 PM,21/10/2022 02:30 PM,56.737462068572825
21/10/2022 08:06 PM,21/10/2022 02:36 PM,45.55474585962093
21/10/2022 08:12 PM,21/10/2022 02:42 PM,51.20900226092171
21/10/2022 08:18 PM,21/10/2022 02:48 PM,49.27228856642388
21/10/2022 08:24 PM,21/10/2022 02:54 PM,50.43664645459408
21/10/2022 08:30 PM,21/10/2022 03:00 PM,49.7054731305809
21/10/2022 08:36 PM,21/10/2022 03:06 PM,46.1625481290125
21/10/2022 08:42 PM,21/10/2022 03:12 PM,50.0060043830694
21/10/2022 08:48 PM,21/10/2022 03:18 PM,49.401500065867964
21/10/2022 08:54 PM,21/10/2022 03:24 PM,56.023864553970455
21/10/2022 09:00 PM,21/10/2022 03:30 PM,48.846666734142254
21/10/2022 09:06 PM,21/10/2022 03:36 PM,47.66586684667144
21/10/2022 09:12 PM,21/10/2022 03:42 PM,55.80593814042811
21/10/2022 09:18 PM,21/10/2022 03:48 PM,42.17613810658832
21/10/2022 09:24 PM,21/10/2022 03:54 PM,52.46821914893187
21/10/2022 09:30 PM,21/10/2022 04:00 PM,47.15844591706682
21/10/2022 09:36 PM,21/10/2022 04:06 PM,46.74236563509335
21/10/2022 09:42 PM,21/10/2022 04:12 PM,53.59255677978101
21/10/2022 09:48 PM,21/10/2022 04:18 PM,52.58859100096406
21/10/2022 09:54 PM,21/10/2022 04:24 PM,50.00131322189649
21/10/2022 10:00 PM,21/10/2022 04:30 PM,46.40177103112543
21/10/2022 10:06 PM,21/10/2022 04:36 PM,54.55873087664306
21/10/2022 10:12 PM,21/10/2022 04:42 PM,53.29020176712315
21/10/2022 10:18 PM,21/10/2022 04:48 PM,45.50343278750983
21/10/2022 10:24 PM,21/10/2022 04:54 PM,56.4115720995519
21/10/2022 10:30 PM,21/10/2022 05:00 PM,44.88748763969533
21/10/2022 10:36 PM,21/10/2022 05:06 PM,50.313693166400085
21/10/2022 10:42 PM,21/10/2022 05:12 PM,53.15997683266228
21/10/2022 10:48 PM,21/10/2022 05:18 PM,44.66231165881527
21/10/2022 10:54 PM,21/10/2022 05:24 PM,47.449631194304985
21/10/2022 11:00 PM,21/10/2022 05:30 PM,49.312514780592856
21/10/2022 11:06 PM,21/10/2022 05:36 PM,52.091890066351674
21/10/2022 11:12 PM,21/10/2022 05:42 PM,49.47993258139077
21/10/2022 11:18 PM,21/10/2022 05:48 PM,49.18026937214299
21/10/2022 11:24 PM,21/10/2022 05:54 PM,53.53613689042204
21/10/2022 11:30 PM,21/10/2022 06:00 PM,51.23517988584622
21/10/2022 11:36 PM,21/10/2022 06:06 PM,52.02016147208824
21/10/2022 11:42 PM,21/10/2022 06:12 PM,49.82872664559026
21/10/2022 11:48 PM,21/10/2022 06:18 PM,44.48100828692144
21/10/2022 11:54 PM,21/10/2022 06:24 PM,53.79463741895936
22/10/2022 12:00 AM,21/10/2022 06:30 PM,51.51285809670236
22/10/2022 12:06 AM,21/10/2022 06:36 PM,50.1859179177977
22/10/2022 12:12 AM,21/10/2022 06:42 PM,48.884966739580804
22/10/2022 12:18 AM,21/10/2022 06:48 PM,46.81099780174513
22/10/2022 12:24 AM,21/10/2022 06:54 PM,50.84134984399729
22/10/2022 12:30 AM,21/10/2022 07:00 PM,51.585076567957245
22/10/2022 12:36 AM,21/10/2022 07:06 PM,48.71031765356588
22/10/2022 12:42 AM,21/10/2022 07:12 PM,46.49311764781473
22/10/2022 12:48 AM,21/10/2022 07:18 PM,51.180172278989566
22/10/2022 12:54 AM,21/10/2022 07:24 PM,56.10733311927167
22/10/2022 01:00 AM,21/10/2022 07:30 PM,47.571456476584494
22/10/2022 01:06 AM,21/10/2022 07:36 PM,47.5414949173397
22/10/2022 01:12 AM,21/10/2022 07:42 PM,54.676550687173325
22/10/2022 01:18 AM,21/10/2022 07:48 PM,42.52685671167192
22/10/2022 01:24 AM,21/10/2022 07:54 PM,54.52535242000365
22/10/2022 01:30 AM,21/10/2022 08:00 PM,47.82062922148417
22/10/2022 01:36 AM,21/10/2022 08:06 PM,44.47437480358815
22/10/2022 01:42 AM,21/10/2022 08:12 PM,52.812413365143414
22/10/2022 01:48 AM,21/10/2022 08:18 PM,51.891127857716924
22/10/2022 01:54 AM,21/10/2022 08:24 PM,51.23211860137066
22/10/2022 02:00 AM,21/10/2022 08:30 PM,47.41246862780573
22/10/2022 02:06 AM,21/10/2022 08:36 PM,53.29198519189731
22/10/2022 02:12 AM,21/10/2022 08:42 PM,54.249548327058186
22/10/2022 02:18 AM,21/10/2022 08:48 PM,47.75066518952079
22/10/2022 02:24 AM,21/10/2022 08:54 PM,54.96098024180568
22/10/2022 02:30 AM,21/10/2022 09:00 PM,44.69116596691681
22/10/2022 02:36 AM,21/10/2022 09:06 PM,50.46997645480635
22/10/2022 02:42 AM,21/10/2022 09:12 PM,54.69079555360183
22/10/2022 02:48 AM,21/10/2022 09:18 PM,44.61310045552806
22/10/2022 02:54 AM,21/10/2022 09:24 PM,45.1392036829276
22/10/2022 03:00 AM,21/10/2022 09:30 PM,51.75561905961541
22/10/2022 03:06 AM,21/10/2022 09:36 PM,49.66126844956632
22/10/2022 03:12 AM,21/10/2022 09:42 PM,51.301998780497186
22/10/2022 03:18 AM,21/10/2022 09:48 PM,49.16532947643955
22/10/2022 03:24 AM,21/10/2022 09:54 PM,50.920509247396204
22/10/2022 03:30 AM,21/10/2022 10:00 PM,47.315617447641074
22/10/2022 03:36 AM,21/10/2022 10:06 PM,56.80177845508656
22/10/2022 03:42 AM,21/10/2022 10:12 PM,50.66474633629129
22/10/2022 03:48 AM,21/10/2022 10:18 PM,45.969817924206254
22/10/2022 03:54 AM,21/10/2022 10:24 PM,53.26005747085394
22/10/2022 04:00 AM,21/10/2022 10:30 PM,51.43057463199891
22/10/2022 04:06 AM,21/10/2022 10:36 PM,49.01623184216131
22/10/2022 04:12 AM,21/10/2022 10:42 PM,49.27437483114692
22/10/2022 04:18 AM,21/10/2022 10:48 PM,45.17881810699176
22/10/2022 04:24 AM,21/10/2022 10:54 PM,50.66322769238176
22/10/2022 04:30 AM,21/10/2022 11:00 PM,53.58617260270053
22/10/2022 04:36 AM,21/10/2022 11:06 PM,47.7618979118087
22/10/2022 04:42 AM,21/10/2022 11:12 PM,45.59153164168117
22/10/2022 04:48 AM,21/10/2022 11:18 PM,50.843557649637845
22/10/2022 04:54 AM,21/10/2022 11:24 PM,54.95588449689628
22/10/2022 05:00 AM,21/10/2022 11:30 PM,48.51503727398253
22/10/2022 05:06 AM,21/10/2022 11:36 PM,47.623930619143444
22/10/2022 05:12 AM,21/10/2022 11:42 PM,53.15170230057811
22/10/2022 05:18 AM,21/10/2022 11:48 PM,45.190512009260345
22/10/2022 05:24 AM,21/10/2022 11:54 PM,54.9984786122637
22/10/2022 05:30 AM,22/10/2022 12:00 AM,48.13556997529233
22/10/2022 05:36 AM,22/10/2022 12:06 AM,43.72668191072684
22/10/2022 05:42 AM,22/10/2022 12:12 AM,53.92050922747167
22/10/2022 05:48 AM,22/10/2022 12:18 AM,51.10062374814529
22/10/2022 05:54 AM,22/10/2022 12:24 AM,51.1426346418728
22/10/2022 06:00 AM,22/10/2022 12:30 AM,49.25868099216456
22/10/2022 06:06 AM,22/10/2022 12:36 AM,51.11160248960111
22/10/2022 06:12 AM,22/10/2022 12:42 AM,52.88887927048936
22/10/2022 06:18 AM,22/10/2022 12:48 AM,29.614480059470154
22/10/2022 06:24 AM,22/10/2022 12:54 AM,55.21369438873787
22/10/2022 06:30 AM,22/10/2022 01:00 AM,53.648857404952864
22/10/2022 06:36 AM,22/10/2022 01:06 AM,50.15344110824837
22/10/2022 06:42 AM,22/10/2022 01:12 AM,47.83406099652292
22/10/2022 06:48 AM,22/10/2022 01:18 AM,49.72812838666265
22/10/2022 06:54 AM,22/10/2022 01:24 AM,48.085487093237084
22/10/2022 07:00 AM,22/10/2022 01:30 AM,48.47305081927415
22/10/2022 07:06 AM,22/10/2022 01:36 AM,54.35356164499028
22/10/2022 07:12 AM,22/10/2022 01:42 AM,55.382592031836055
22/10/2022 07:18 AM,22/10/2022 01:48 AM,50.29556365126571
22/10/2022 07:24 AM,22/10/2022 01:54 AM,47.843989093765245
22/10/2022 07:30 AM,22/10/2022 02:00 AM,46.12677244352263
22/10/2022 07:36 AM,22/10/2022 02:06 AM,45.13296470266245
22/10/2022 07:42 AM,22/10/2022 02:12 AM,52.825464373701365
22/10/2022 07:48 AM,22/10/2022 02:18 AM,51.31052764091451
22/10/2022 07:54 AM,22/10/2022 02:24 AM,52.143428810063824
22/10/2022 08:00 AM,22/10/2022 02:30 AM,54.63561678202922
22/10/2022 08:06 AM,22/10/2022 02:36 AM,51.52276293524394
22/10/2022 08:12 AM,22/10/2022 02:42 AM,37.28633908216543
22/10/2022 08:18 AM,22/10/2022 02:48 AM,49.902562037461074
22/10/2022 08:24 AM,22/10/2022 02:54 AM,51.8315956838764
22/10/2022 08:30 AM,22/10/2022 03:00 AM,49.05383818182719
22/10/2022 08:36 AM,22/10/2022 03:06 AM,51.563955114977645
22/10/2022 08:42 AM,22/10/2022 03:12 AM,60.498555298968505
22/10/2022 08:48 AM,22/10/2022 03:18 AM,45.33305005019476
22/10/2022 08:54 AM,22/10/2022 03:24 AM,47.16632331302357
22/10/2022 09:00 AM,22/10/2022 03:30 AM,46.779643922685125
22/10/2022 09:06 AM,22/10/2022 03:36 AM,51.60024663891106
22/10/2022 09:12 AM,22/10/2022 03:42 AM,50.82166788504054
22/10/2022 09:18 AM,22/10/2022 03:48 AM,53.68530686338206
22/10/2022 09:24 AM,22/10/2022 03:54 AM,54.493777391313756
22/10/2022 09:30 AM,22/10/2022 04:00 AM,47.891261368842564
22/10/2022 09:36 AM,22/10/2022 04:06 AM,42.45657859681678
22/10/2022 09:42 AM,22/10/2022 04:12 AM,48.94136136929403
22/10/2022 09:48 AM,22/10/2022 04:18 AM,46.95207182262347
22/10/2022 09:54 AM,22/10/2022 04:24 AM,51.9037334244681
22/10/2022 10:00 AM,22/10/2022 04:30 AM,53.2044163982538
22/10/2022 10:06 AM,22/10/2022 04:36 AM,56.211895061595115
22/10/2022 10:12 AM,22/10/2022 04:42 AM,48.73564101478486
22/10/2022 10:18 AM,22/10/2022 04:48 AM,47.365667145422904
22/10/2022 10:24 AM,22/10/2022 04:54 AM,47.50669639150944
22/10/2022 10:30 AM,22/10/2022 05:00 AM,48.78181327314356
22/10/2022 10:36 AM,22/10/2022 05:06 AM,52.4449551591323
22/10/2022 10:42 AM,22/10/2022 05:12 AM,52.462850609008186
22/10/2022 10:48 AM,22/10/2022 05:18 AM,53.2111525653984
22/10/2022 10:54 AM,22/10/2022 05:24 AM,48.61713583655667
22/10/2022 11:00 AM,22/10/2022 05:30 AM,49.15028124767854
22/10/2022 11:06 AM,22/10/2022 05:36 AM,42.29428380407472
22/10/2022 11:12 AM,22/10/2022 05:42 AM,49.43896798511652
22/10/2022 11:18 AM,22/10/2022 05:48 AM,50.249401524670745
22/10/2022 11:24 AM,22/10/2022 05:54 AM,53.57640941807701
22/10/2022 11:30 AM,22/10/2022 06:00 AM,52.59336469881259
22/10/2022 11:36 AM,22/10/2022 06:06 AM,49.00366290790461
22/10/2022 11:42 AM,22/10/2022 06:12 AM,47.99479939348532
22/10/2022 11:48 AM,22/10/2022 06:18 AM,47.85974367399672
22/10/2022 11:54 AM,22/10/2022 06:24 AM,48.69523095946119
22/10/2022 12:00 PM,22/10/2022 06:30 AM,47.73587986953602
22/10/2022 12:06 PM,22/10/2022 06:36 AM,58.944795266709576
22/10/2022 12:12 PM,22/10/2022 06:42 AM,54.154987596337286
22/10/2022 12:18 PM,22/10/2022 06:48 AM,47.82165614610758
22/10/2022 12:24 PM,22/10/2022 06:54 AM,48.50895493047433
22/10/2022 12:30 PM,22/10/2022 07:00 AM,47.40271026325528
22/10/2022 12:36 PM,22/10/2022 07:06 AM,45.88788795756784
22/10/2022 12:42 PM,22/10/2022 07:12 AM,49.65556747001055
22/10/2022 12:48 PM,22/10/2022 07:18 AM,53.63001515421026
22/10/2022 12:54 PM,22/10/2022 07:24 AM,53.28994074613909
22/10/2022 01:00 PM,22/10/2022 07:30 AM,52.28644277321267
22/10/2022 01:06 PM,22/10/2022 07:36 AM,44.29925384227396
22/10/2022 01:12 PM,22/10/2022 07:42 AM,47.39125731168629
22/10/2022 01:18 PM,22/10/2022 07:48 AM,48.20453331325425
22/10/2022 01:24 PM,22/10/2022 07:54 AM,46.844229580972396
22/10/2022 01:30 PM,22/10/2022 08:00 AM,52.80758794992168
22/10/2022 01:36 PM,22/10/2022 08:06 AM,61.23721663524007
22/10/2022 01:42 PM,22/10/2022 08:12 AM,48.12407778594039
22/10/2022 01:48 PM,22/10/2022 08:18 AM,47.86492951485025
22/10/2022 01:54 PM,22/10/2022 08:24 AM,49.36834326560654
22/10/2022 02:00 PM,22/10/2022 08:30 AM,48.30348727785663
22/10/2022 02:06 PM,22/10/2022 08:36 AM,45.3954608104709
22/10/2022 02:12 PM,22/10/2022 08:42 AM,55.28894547003309
22/10/2022 02:18 PM,22/10/2022 08:48 AM,53.53457361993212
22/10/2022 02:24 PM,22/10/2022 08:54 AM,52.0123251824942
22/10/2022 02:30 PM,22/10/2022 09:00 AM,47.91390554212701
22/10/2022 02:36 PM,22/10/2022 09:06 AM,43.64505300372973
22/10/2022 02:42 PM,22/10/2022 09:12 AM,47.39735673363721
22/10/2022 02:48 PM,22/10/2022 09:18 AM,49.6542196507124
22/10/2022 02:54 PM,22/10/2022 09:24 AM,49.405665746750344
22/10/2022 03:00 PM,22/10/2022 09:30 AM,54.19133712273506
22/10/2022 03:06 PM,22/10/2022 09:36 AM,53.94800219657692
22/10/2022 03:12 PM,22/10/2022 09:42 AM,46.48447833779333
22/10/2022 03:18 PM,22/10/2022 09:48 AM,45.93279150965053
22/10/2022 03:24 PM,22/10/2022 09:54 AM,50.659417592752185
22/10/2022 03:30 PM,22/10/2022 10:00 AM,49.5474742192647
22/10/2022 03:36 PM,22/10/2022 10:06 AM,50.803126077940405
22/10/2022 03:42 PM,22/10/2022 10:12 AM,58.0774533617559
22/10/2022 03:48 PM,22/10/2022 10:18 AM,51.94435368103761
22/10/2022 03:54 PM,22/10/2022 10:24 AM,48.36115938376638
22/10/2022 04:00 PM,22/10/2022 10:30 AM,46.889296093200244
22/10/2022 04:06 PM,22/10/2022 10:36 AM,45.46963540060445
22/10/2022 04:12 PM,22/10/2022 10:42 AM,51.63670317207777
22/10/2022 04:18 PM,22/10/2022 10:48 AM,51.5433612270657
22/10/2022 04:24 PM,22/10/2022 10:54 AM,52.03828511602882
22/10/2022 04:30 PM,22/10/2022 11:00 AM,51.75611059914339
22/10/2022 04:36 PM,22/10/2022 11:06 AM,53.002200602083555
22/10/2022 04:42 PM,22/10/2022 11:12 AM,48.255651946747264
22/10/2022 04:48 PM,22/10/2022 11:18 AM,38.20236778599956
22/10/2022 04:54 PM,22/10/2022 11:24 AM,50.83041907645253
22/10/2022 05:00 PM,22/10/2022 11:30 AM,53.96483444898731
22/10/2022 05:06 PM,22/10/2022 11:36 AM,51.88522167376711
22/10/2022 05:12 PM,22/10/2022 11:42 AM,52.650945548227995
22/10/2022 05:18 PM,22/10/2022 11:48 AM,49.849797664748266
22/10/2022 05:24 PM,22/10/2022 11:54 AM,48.156576311272076
22/10/2022 05:30 PM,22/10/2022 12:00 PM,45.491301992602196
22/10/2022 05:36 PM,22/10/2022 12:06 PM,48.39534408535333
22/10/2022 05:42 PM,22/10/2022 12:12 PM,50.03272418338334
22/10/2022 05:48 PM,22/10/2022 12:18 PM,52.146926096801224
22/10/2022 05:54 PM,22/10/2022 12:24 PM,58.245164095786855
22/10/2022 06:00 PM,22/10/2022 12:30 PM,49.50609598297359
22/10/2022 06:06 PM,22/10/2022 12:36 PM,47.31726232638209
22/10/2022 06:12 PM,22/10/2022 12:42 PM,47.274254949921
22/10/2022 06:18 PM,22/10/2022 12:48 PM,49.1220191624609
22/10/2022 06:24 PM,22/10/2022 12:54 PM,50.71766854288002
22/10/2022 06:30 PM,22/10/2022 01:00 PM,52.64806360680511
22/10/2022 06:36 PM,22/10/2022 01:06 PM,53.96054481579696
22/10/2022 06:42 PM,22/10/2022 01:12 PM,50.60251096628248
22/10/2022 06:48 PM,22/10/2022 01:18 PM,47.27898731682989
22/10/2022 06:54 PM,22/10/2022 01:24 PM,48.14365791489069
22/10/2022 07:00 PM,22/10/2022 01:30 PM,45.18294616271192
22/10/2022 07:06 PM,22/10/2022 01:36 PM,49.34964883983555
22/10/2022 07:12 PM,22/10/2022 01:42 PM,52.521911825579195
22/10/2022 07:18 PM,22/10/2022 01:48 PM,53.03071824158833
22/10/2022 07:24 PM,22/10/2022 01:54 PM,51.813205657685145
22/10/2022 07:30 PM,22/10/2022 02:00 PM,43.914081663873944
22/10/2022 07:36 PM,22/10/2022 02:06 PM,47.93899446182136
22/10/2022 07:42 PM,22/10/2022 02:12 PM,47.66500660723472
22/10/2022 07:48 PM,22/10/2022 02:18 PM,51.56076145462371
22/10/2022 07:54 PM,22/10/2022 02:24 PM,50.422876533729855
22/10/2022 08:00 PM,22/10/2022 02:30 PM,58.679309008150355
22/10/2022 08:06 PM,22/10/2022 02:36 PM,51.839686649231645
22/10/2022 08:12 PM,22/10/2022 02:42 PM,47.830962839136745
22/10/2022 08:18 PM,22/10/2022 02:48 PM,45.76027052813365
22/10/2022 08:24 PM,22/10/2022 02:54 PM,48.34266262342775
22/10/2022 08:30 PM,22/10/2022 03:00 PM,51.76579812559821
22/10/2022 08:36 PM,22/10/2022 03:06 PM,50.721495355170966
22/10/2022 08:42 PM,22/10/2022 03:12 PM,53.57671032292059
22/10/2022 08:48 PM,22/10/2022 03:18 PM,51.77217904773242
22/10/2022 08:54 PM,22/10/2022 03:24 PM,51.36046288764195
22/10/2022 09:00 PM,22/10/2022 03:30 PM,38.69522127257944
22/10/2022 09:06 PM,22/10/2022 03:36 PM,49.7481462314294
22/10/2022 09:12 PM,22/10/2022 03:42 PM,51.46233019940689
22/10/2022 09:18 PM,22/10/2022 03:48 PM,52.391885138655674
22/10/2022 09:24 PM,22/10/2022 03:54 PM,50.74026243983769
22/10/2022 09:30 PM,22/10/2022 04:00 PM,57.02080922945342
22/10/2022 09:36 PM,22/10/2022 04:06 PM,48.39368472930143
22/10/2022 09:42 PM,22/10/2022 04:12 PM,44.80325512699648
22/10/2022 09:48 PM,22/10/2022 04:18 PM,47.00198755573189
22/10/2022 09:54 PM,22/10/2022 04:24 PM,49.90929131393848
22/10/2022 10:00 PM,22/10/2022 04:30 PM,54.78406499909015
22/10/2022 10:06 PM,22/10/2022 04:36 PM,51.617173716261256
22/10/2022 10:12 PM,22/10/2022 04:42 PM,53.55179693852987
22/10/2022 10:18 PM,22/10/2022 04:48 PM,49.42886239067106
22/10/2022 10:24 PM,22/10/2022 04:54 PM,48.32753131660139
22/10/2022 10:30 PM,22/10/2022 05:00 PM,46.30040721634988
22/10/2022 10:36 PM,22/10/2022 05:06 PM,47.377156094967724
22/10/2022 10:42 PM,22/10/2022 05:12 PM,52.185186584628624
22/10/2022 10:48 PM,22/10/2022 05:18 PM,52.60253211171164
22/10/2022 10:54 PM,22/10/2022 05:24 PM,50.08239051469551
22/10/2022 11:00 PM,22/10/2022 05:30 PM,52.31481538669955
22/10/2022 11:06 PM,22/10/2022 05:36 PM,44.186601362052855
22/10/2022 11:12 PM,22/10/2022 05:42 PM,45.3471676031064
22/10/2022 11:18 PM,22/10/2022 05:48 PM,50.33228017168367
22/10/2022 11:24 PM,22/10/2022 05:54 PM,51.98210682314503
22/10/2022 11:30 PM,22/10/2022 06:00 PM,52.90252151337569
22/10/2022 11:36 PM,22/10/2022 06:06 PM,57.239264424909095
22/10/2022 11:42 PM,22/10/2022 06:12 PM,50.01110479081087
22/10/2022 11:48 PM,22/10/2022 06:18 PM,46.969480110996415
22/10/2022 11:54 PM,22/10/2022 06:24 PM,45.530614539450475
23/10/2022 12:00 AM,22/10/2022 06:30 PM,46.59219595384226
23/10/2022 12:06 AM,22/10/2022 06:36 PM,55.92422253052824
23/10/2022 12:12 AM,22/10/2022 06:42 PM,51.99679765075011
23/10/2022 12:18 AM,22/10/2022 06:48 PM,50.58424956115721
23/10/2022 12:24 AM,22/10/2022 06:54 PM,53.90920020052962
23/10/2022 12:30 AM,22/10/2022 07:00 PM,49.57216314636246
23/10/2022 12:36 AM,22/10/2022 07:06 PM,37.17300108213754
23/10/2022 12:42 AM,22/10/2022 07:12 PM,51.10157892987088
23/10/2022 12:48 AM,22/10/2022 07:18 PM,53.58721175391024
23/10/2022 12:54 AM,22/10/2022 07:24 PM,51.106349903304356
23/10/2022 01:00 AM,22/10/2022 07:30 PM,51.66642386305565
23/10/2022 01:06 AM,22/10/2022 07:36 PM,54.45165282870579
23/10/2022 01:12 AM,22/10/2022 07:42 PM,46.87545693887343
23/10/2022 01:18 AM,22/10/2022 07:48 PM,44.571878261232875
23/10/2022 01:24 AM,22/10/2022 07:54 PM,47.54041593140623
23/10/2022 01:30 AM,22/10/2022 08:00 PM,48.80411426599554
23/10/2022 01:36 AM,22/10/2022 08:06 PM,52.81062581178444
23/10/2022 01:42 AM,22/10/2022 08:12 PM,58.640738825460225
23/10/2022 01:48 AM,22/10/2022 08:18 PM,49.6846769799278
23/10/2022 01:54 AM,22/10/2022 08:24 PM,47.70761482712685
23/10/2022 02:00 AM,22/10/2022 08:30 PM,50.446113849146556
23/10/2022 02:06 AM,22/10/2022 08:36 PM,46.50446694900362
23/10/2022 02:12 AM,22/10/2022 08:42 PM,48.18666140129966
23/10/2022 02:18 AM,22/10/2022 08:48 PM,54.06603460184027
23/10/2022 02:24 AM,22/10/2022 08:54 PM,54.805664510810914
23/10/2022 02:30 AM,22/10/2022 09:00 PM,49.32766205212863
23/10/2022 02:36 AM,22/10/2022 09:06 PM,48.822614131176245
23/10/2022 02:42 AM,22/10/2022 09:12 PM,47.37601739772699
23/10/2022 02:48 AM,22/10/2022 09:18 PM,45.97417006021045
23/10/2022 02:54 AM,22/10/2022 09:24 PM,48.424615982744385
23/10/2022 03:00 AM,22/10/2022 09:30 PM,52.12307490844579
23/10/2022 03:06 AM,22/10/2022 09:36 PM,53.266205427265035
23/10/2022 03:12 AM,22/10/2022 09:42 PM,53.077112165528625
23/10/2022 03:18 AM,22/10/2022 09:48 PM,45.48916834924832
23/10/2022 03:24 AM,22/10/2022 09:54 PM,47.557384510067536
23/10/2022 03:30 AM,22/10/2022 10:00 PM,47.6845482014272
23/10/2022 03:36 AM,22/10/2022 10:06 PM,50.79331756848592
23/10/2022 03:42 AM,22/10/2022 10:12 PM,51.38407063670235
23/10/2022 03:48 AM,22/10/2022 10:18 PM,51.16167569331626
23/10/2022 03:54 AM,22/10/2022 10:24 PM,56.07789235100309
23/10/2022 04:00 AM,22/10/2022 10:30 PM,49.62313816088812
23/10/2022 04:06 AM,22/10/2022 10:36 PM,46.690797648473584
23/10/2022 04:12 AM,22/10/2022 10:42 PM,45.37457986054581
23/10/2022 04:18 AM,22/10/2022 10:48 PM,49.34181801138048
23/10/2022 04:24 AM,22/10/2022 10:54 PM,57.23938465776428
23/10/2022 04:30 AM,22/10/2022 11:00 PM,52.14776178476457
23/10/2022 04:36 AM,22/10/2022 11:06 PM,49.94045039512626
23/10/2022 04:42 AM,22/10/2022 11:12 PM,50.64058291574636
23/10/2022 04:48 AM,22/10/2022 11:18 PM,47.61241586173928
23/10/2022 04:54 AM,22/10/2022 11:24 PM,46.84125769685775
23/10/2022 05:00 AM,22/10/2022 11:30 PM,45.01838985765478
23/10/2022 05:06 AM,22/10/2022 11:36 PM,54.01966863950999
23/10/2022 05:12 AM,22/10/2022 11:42 PM,52.72120175836418
23/10/2022 05:18 AM,22/10/2022 11:48 PM,52.77331193767243
23/10/2022 05:24 AM,22/10/2022 11:54 PM,50.049303036736646
23/10/2022 05:30 AM,23/10/2022 12:00 AM,43.28242333258835
23/10/2022 05:36 AM,23/10/2022 12:06 AM,47.25015007501658
23/10/2022 05:42 AM,23/10/2022 12:12 AM,49.64214839478639
23/10/2022 05:48 AM,23/10/2022 12:18 AM,49.67941813873418
23/10/2022 05:54 AM,23/10/2022 12:24 AM,54.223906531371654
23/10/2022 06:00 AM,23/10/2022 12:30 AM,57.14038450884943
23/10/2022 06:06 AM,23/10/2022 12:36 AM,47.14435257597787
23/10/2022 06:12 AM,23/10/2022 12:42 AM,48.359484409718625
23/10/2022 06:18 AM,23/10/2022 12:48 AM,47.564142326914684
23/10/2022 06:24 AM,23/10/2022 12:54 AM,48.52650055791089
23/10/2022 06:30 AM,23/10/2022 01:00 AM,52.12222021186679
23/10/2022 06:36 AM,23/10/2022 01:06 AM,54.27774640560928
23/10/2022 06:42 AM,23/10/2022 01:12 AM,52.44378575565486
23/10/2022 06:48 AM,23/10/2022 01:18 AM,50.303179680527535
23/10/2022 06:54 AM,23/10/2022 01:24 AM,47.46868296431843
23/10/2022 07:00 AM,23/10/2022 01:30 AM,43.392369051867995
23/10/2022 07:06 AM,23/10/2022 01:36 AM,49.462860623932436
23/10/2022 07:12 AM,23/10/2022 01:42 AM,48.6523019207587
23/10/2022 07:18 AM,23/10/2022 01:48 AM,54.543245373339644
23/10/2022 07:24 AM,23/10/2022 01:54 AM,53.10362504504502
23/10/2022 07:30 AM,23/10/2022 02:00 AM,49.37603101996864
23/10/2022 07:36 AM,23/10/2022 02:06 AM,47.22568405061215
23/10/2022 07:42 AM,23/10/2022 02:12 AM,49.19228669670251
23/10/2022 07:48 AM,23/10/2022 02:18 AM,47.700159543044265
23/10/2022 07:54 AM,23/10/2022 02:24 AM,50.07694198447486
23/10/2022 08:00 AM,23/10/2022 02:30 AM,51.52114459554068
23/10/2022 08:06 AM,23/10/2022 02:36 AM,60.16572225732731
23/10/2022 08:12 AM,23/10/2022 02:42 AM,49.05385333626946
23/10/2022 08:18 AM,23/10/2022 02:48 AM,47.71583214096839
23/10/2022 08:24 AM,23/10/2022 02:54 AM,47.10837513010664
23/10/2022 08:30 AM,23/10/2022 03:00 AM,46.76009715568906
23/10/2022 08:36 AM,23/10/2022 03:06 AM,52.872089578758136
23/10/2022 08:42 AM,23/10/2022 03:12 AM,52.40449541571256
23/10/2022 08:48 AM,23/10/2022 03:18 AM,51.739355309781764
23/10/2022 08:54 AM,23/10/2022 03:24 AM,52.440020153469746
23/10/2022 09:00 AM,23/10/2022 03:30 AM,50.053882986494656
23/10/2022 09:06 AM,23/10/2022 03:36 AM,46.51569626048315
23/10/2022 09:12 AM,23/10/2022 03:42 AM,42.12602938071808
23/10/2022 09:18 AM,23/10/2022 03:48 AM,53.14369405798102
23/10/2022 09:24 AM,23/10/2022 03:54 AM,51.35507107647497
23/10/2022 09:30 AM,23/10/2022 04:00 AM,52.859076750097266
23/10/2022 09:36 AM,23/10/2022 04:06 AM,52.139850109459374
23/10/2022 09:42 AM,23/10/2022 04:12 AM,48.998947140763605
23/10/2022 09:48 AM,23/10/2022 04:18 AM,45.65137003381243
23/10/2022 09:54 AM,23/10/2022 04:24 AM,48.3116438371668
23/10/2022 10:00 AM,23/10/2022 04:30 AM,48.728927731333705
23/10/2022 10:06 AM,23/10/2022 04:36 AM,52.73835720308292
23/10/2022 10:12 AM,23/10/2022 04:42 AM,56.954709356220064
23/10/2022 10:18 AM,23/10/2022 04:48 AM,50.51603471852176
23/10/2022 10:24 AM,23/10/2022 04:54 AM,50.89442029745976
23/10/2022 10:30 AM,23/10/2022 05:00 AM,47.21681860136736
23/10/2022 10:36 AM,23/10/2022 05:06 AM,46.36794800870367
23/10/2022 10:42 AM,23/10/2022 05:12 AM,49.44817732943709
23/10/2022 10:48 AM,23/10/2022 05:18 AM,53.88085186819164
23/10/2022 10:54 AM,23/10/2022 05:24 AM,50.62233942775344
23/10/2022 11:00 AM,23/10/2022 05:30 AM,52.43371521919115
23/10/2022 11:06 AM,23/10/2022 05:36 AM,49.78818150329873
23/10/2022 11:12 AM,23/10/2022 05:42 AM,42.32594750897459
23/10/2022 11:18 AM,23/10/2022 05:48 AM,47.06283419990443
23/10/2022 11:24 AM,23/10/2022 05:54 AM,49.90833511611593
23/10/2022 11:30 AM,23/10/2022 06:00 AM,51.394694813926115
23/10/2022 11:36 AM,23/10/2022 06:06 AM,54.23200586122999
23/10/2022 11:42 AM,23/10/2022 06:12 AM,53.127199145190794
23/10/2022 11:48 AM,23/10/2022 06:18 AM,48.756937197289936
23/10/2022 11:54 AM,23/10/2022 06:24 AM,49.052207596480784
23/10/2022 12:00 PM,23/10/2022 06:30 AM,45.32741212133555
23/10/2022 12:06 PM,23/10/2022 06:36 AM,47.097556074809475
23/10/2022 12:12 PM,23/10/2022 06:42 AM,57.154701039140136
23/10/2022 12:18 PM,23/10/2022 06:48 AM,53.20409126688628
23/10/2022 12:24 PM,23/10/2022 06:54 AM,48.53808981816377
23/10/2022 12:30 PM,23/10/2022 07:00 AM,50.893518085159485
23/10/2022 12:36 PM,23/10/2022 07:06 AM,48.1692752303222
23/10/2022 12:42 PM,23/10/2022 07:12 AM,48.57425336440938
23/10/2022 12:48 PM,23/10/2022 07:18 AM,42.16054905003651
23/10/2022 12:54 PM,23/10/2022 07:24 AM,53.036821574430256
23/10/2022 01:00 PM,23/10/2022 07:30 AM,53.662990690726076
23/10/2022 01:06 PM,23/10/2022 07:36 AM,53.446981340409295
23/10/2022 01:12 PM,23/10/2022 07:42 AM,48.76055055280135
23/10/2022 01:18 PM,23/10/2022 07:48 AM,46.6912829308875
23/10/2022 01:24 PM,23/10/2022 07:54 AM,47.61221323986669
23/10/2022 01:30 PM,23/10/2022 08:00 AM,45.34182858599873
23/10/2022 01:36 PM,23/10/2022 08:06 AM,51.49580698388762
23/10/2022 01:42 PM,23/10/2022 08:12 AM,52.62034393528718
23/10/2022 01:48 PM,23/10/2022 08:18 AM,57.81518018856676
23/10/2022 01:54 PM,23/10/2022 08:24 AM,48.322413842752326
23/10/2022 02:00 PM,23/10/2022 08:30 AM,49.75691268682045
23/10/2022 02:06 PM,23/10/2022 08:36 AM,47.24540433199275
23/10/2022 02:12 PM,23/10/2022 08:42 AM,47.76846329989163
23/10/2022 02:18 PM,23/10/2022 08:48 AM,49.00215682046441
23/10/2022 02:24 PM,23/10/2022 08:54 AM,55.15606994923204
23/10/2022 02:30 PM,23/10/2022 09:00 AM,52.68858602225233
23/10/2022 02:36 PM,23/10/2022 09:06 AM,51.02261743698309
23/10/2022 02:42 PM,23/10/2022 09:12 AM,46.27200502034067
23/10/2022 02:48 PM,23/10/2022 09:18 AM,44.927831042143254
23/10/2022 02:54 PM,23/10/2022 09:24 AM,48.347852895483925
23/10/2022 03:00 PM,23/10/2022 09:30 AM,48.20219410036271
23/10/2022 03:06 PM,23/10/2022 09:36 AM,52.68717341417865
23/10/2022 03:12 PM,23/10/2022 09:42 AM,55.22980468705599
23/10/2022 03:18 PM,23/10/2022 09:48 AM,49.157923002393055
23/10/2022 03:24 PM,23/10/2022 09:54 AM,47.09088609778968
23/10/2022 03:30 PM,23/10/2022 10:00 AM,50.70230367566544
23/10/2022 03:36 PM,23/10/2022 10:06 AM,47.177011898419565
23/10/2022 03:42 PM,23/10/2022 10:12 AM,48.83782263630225
23/10/2022 03:48 PM,23/10/2022 10:18 AM,59.043672070072446
23/10/2022 03:54 PM,23/10/2022 10:24 AM,52.43322377261772
23/10/2022 04:00 PM,23/10/2022 10:30 AM,48.985617797865785
23/10/2022 04:06 PM,23/10/2022 10:36 AM,47.84786336128572
23/10/2022 04:12 PM,23/10/2022 10:42 AM,47.113745540408296
23/10/2022 04:18 PM,23/10/2022 10:48 AM,50.24994493220261
23/10/2022 04:24 PM,23/10/2022 10:54 AM,46.09891225959676
23/10/2022 04:30 PM,23/10/2022 11:00 AM,51.422461545591986
23/10/2022 04:36 PM,23/10/2022 11:06 AM,54.16140062706224
23/10/2022 04:42 PM,23/10/2022 11:12 AM,53.619642410261044
23/10/2022 04:48 PM,23/10/2022 11:18 AM,48.8751481213778
23/10/2022 04:54 PM,23/10/2022 11:24 AM,39.180669678150835
23/10/2022 05:00 PM,23/10/2022 11:30 AM,51.48886267982466
23/10/2022 05:06 PM,23/10/2022 11:36 AM,49.628615781011234
23/10/2022 05:12 PM,23/10/2022 11:42 AM,50.37327517073612
23/10/2022 05:18 PM,23/10/2022 11:48 AM,50.803744125714104
23/10/2022 05:24 PM,23/10/2022 11:54 AM,58.95527619953672
23/10/2022 05:30 PM,23/10/2022 12:00 PM,45.68971746288921
23/10/2022 05:36 PM,23/10/2022 12:06 PM,46.72235426803968
23/10/2022 05:42 PM,23/10/2022 12:12 PM,48.37921215838212
23/10/2022 05:48 PM,23/10/2022 12:18 PM,51.2502068126719
23/10/2022 05:54 PM,23/10/2022 12:24 PM,50.78711434530387
23/10/2022 06:00 PM,23/10/2022 12:30 PM,53.300817211502775
23/10/2022 06:06 PM,23/10/2022 12:36 PM,54.357818120146206
23/10/2022 06:12 PM,23/10/2022 12:42 PM,49.92794721913588
23/10/2022 06:18 PM,23/10/2022 12:48 PM,45.57044224829314
23/10/2022 06:24 PM,23/10/2022 12:54 PM,44.39854551998343
23/10/2022 06:30 PM,23/10/2022 01:00 PM,51.057097261685854
23/10/2022 06:36 PM,23/10/2022 01:06 PM,48.70091138350809
23/10/2022 06:42 PM,23/10/2022 01:12 PM,52.09850379102511
23/10/2022 06:48 PM,23/10/2022 01:18 PM,52.496678244373605
23/10/2022 06:54 PM,23/10/2022 01:24 PM,52.339839770412524
23/10/2022 07:00 PM,23/10/2022 01:30 PM,41.29085601761553
23/10/2022 07:06 PM,23/10/2022 01:36 PM,47.58990767354186
23/10/2022 07:12 PM,23/10/2022 01:42 PM,49.59155220511568
23/10/2022 07:18 PM,23/10/2022 01:48 PM,51.80188339244061
23/10/2022 07:24 PM,23/10/2022 01:54 PM,54.856810648585565
23/10/2022 07:30 PM,23/10/2022 02:00 PM,52.355554979934894
23/10/2022 07:36 PM,23/10/2022 02:06 PM,50.00914464873521
23/10/2022 07:42 PM,23/10/2022 02:12 PM,49.50594117319427
23/10/2022 07:48 PM,23/10/2022 02:18 PM,45.77853426128026
23/10/2022 07:54 PM,23/10/2022 02:24 PM,46.028573109371166
23/10/2022 08:00 PM,23/10/2022 02:30 PM,57.205664250030566
23/10/2022 08:06 PM,23/10/2022 02:36 PM,51.38709820959569
23/10/2022 08:12 PM,23/10/2022 02:42 PM,49.84447366976678
23/10/2022 08:18 PM,23/10/2022 02:48 PM,52.012639299805734
23/10/2022 08:24 PM,23/10/2022 02:54 PM,49.892333033010146
23/10/2022 08:30 PM,23/10/2022 03:00 PM,49.230692406912766
23/10/2022 08:36 PM,23/10/2022 03:06 PM,39.960294842458026
23/10/2022 08:42 PM,23/10/2022 03:12 PM,53.27899941610663
23/10/2022 08:48 PM,23/10/2022 03:18 PM,53.650116276731374
23/10/2022 08:54 PM,23/10/2022 03:24 PM,51.26376195222855
23/10/2022 09:00 PM,23/10/2022 03:30 PM,50.01118225469581
23/10/2022 09:06 PM,23/10/2022 03:36 PM,49.55330388134791
23/10/2022 09:12 PM,23/10/2022 03:42 PM,47.05774100087442
23/10/2022 09:18 PM,23/10/2022 03:48 PM,45.29003172138438
23/10/2022 09:24 PM,23/10/2022 03:54 PM,50.80985379748185
23/10/2022 09:30 PM,23/10/2022 04:00 PM,52.87808314076451
23/10/2022 09:36 PM,23/10/2022 04:06 PM,56.5738237425836
23/10/2022 09:42 PM,23/10/2022 04:12 PM,49.53609001159929
23/10/2022 09:48 PM,23/10/2022 04:18 PM,50.84368732426226
23/10/2022 09:54 PM,23/10/2022 04:24 PM,47.96503756794918
23/10/2022 10:00 PM,23/10/2022 04:30 PM,48.24264813908029
23/10/2022 10:06 PM,23/10/2022 04:36 PM,48.409204240624256
23/10/2022 10:12 PM,23/10/2022 04:42 PM,54.95193199235372
23/10/2022 10:18 PM,23/10/2022 04:48 PM,52.39188958045431
23/10/2022 10:24 PM,23/10/2022 04:54 PM,49.725049437178214
23/10/2022 10:30 PM,23/10/2022 05:00 PM,47.5928587838623
23/10/2022 10:36 PM,23/10/2022 05:06 PM,45.910735955746375
23/10/2022 10:42 PM,23/10/2022 05:12 PM,47.22138629849185
23/10/2022 10:48 PM,23/10/2022 05:18 PM,48.4516098867483
23/10/2022 10:54 PM,23/10/2022 05:24 PM,51.837932313511466
23/10/2022 11:00 PM,23/10/2022 05:30 PM,55.959843550141464
23/10/2022 11:06 PM,23/10/2022 05:36 PM,52.6633354788839
23/10/2022 11:12 PM,23/10/2022 05:42 PM,43.680393919361705
23/10/2022 11:18 PM,23/10/2022 05:48 PM,50.92736746335016
23/10/2022 11:24 PM,23/10/2022 05:54 PM,47.24335445205341
23/10/2022 11:30 PM,23/10/2022 06:00 PM,48.434859467281754
23/10/2022 11:36 PM,23/10/2022 06:06 PM,49.4636340318332
23/10/2022 11:42 PM,23/10/2022 06:12 PM,62.96547102347159
23/10/2022 11:48 PM,23/10/2022 06:18 PM,49.30894975618808
23/10/2022 11:54 PM,23/10/2022 06:24 PM,48.24207793854404
24/10/2022 12:00 AM,23/10/2022 06:30 PM,45.04641520260854
24/10/2022 12:06 AM,23/10/2022 06:36 PM,47.33054142726449
24/10/2022 12:12 AM,23/10/2022 06:42 PM,50.3509127053638
24/10/2022 12:18 AM,23/10/2022 06:48 PM,51.63689176081043
24/10/2022 12:24 AM,23/10/2022 06:54 PM,52.0881395456611
24/10/2022 12:30 AM,23/10/2022 07:00 PM,55.52361833360013
24/10/2022 12:36 AM,23/10/2022 07:06 PM,50.426992487502055
24/10/2022 12:42 AM,23/10/2022 07:12 PM,38.15039173616829
24/10/2022 12:48 AM,23/10/2022 07:18 PM,49.43410276138826
24/10/2022 12:54 AM,23/10/2022 07:24 PM,52.07275856275449
24/10/2022 01:00 AM,23/10/2022 07:30 PM,48.97594106020706
24/10/2022 01:06 AM,23/10/2022 07:36 PM,51.26786683304622
24/10/2022 01:12 AM,23/10/2022 07:42 PM,60.256960024819136
24/10/2022 01:18 AM,23/10/2022 07:48 PM,46.240707576035454
24/10/2022 01:24 AM,23/10/2022 07:54 PM,45.656414290815974
24/10/2022 01:30 AM,23/10/2022 08:00 PM,46.77524131842998
24/10/2022 01:36 AM,23/10/2022 08:06 PM,48.159038778677086
24/10/2022 01:42 AM,23/10/2022 08:12 PM,52.677124518178246
24/10/2022 01:48 AM,23/10/2022 08:18 PM,55.23719154353091
24/10/2022 01:54 AM,23/10/2022 08:24 PM,51.81775218676999
24/10/2022 02:00 AM,23/10/2022 08:30 PM,51.45624369026767
24/10/2022 02:06 AM,23/10/2022 08:36 PM,49.48327277917697
24/10/2022 02:12 AM,23/10/2022 08:42 PM,44.78188692330508
24/10/2022 02:18 AM,23/10/2022 08:48 PM,45.90668317952669
24/10/2022 02:24 AM,23/10/2022 08:54 PM,54.84500452364739
24/10/2022 02:30 AM,23/10/2022 09:00 PM,51.324995319159896
24/10/2022 02:36 AM,23/10/2022 09:06 PM,50.57420358042178
24/10/2022 02:42 AM,23/10/2022 09:12 PM,51.197181194592574
24/10/2022 02:48 AM,23/10/2022 09:18 PM,46.89521160690806
24/10/2022 02:54 AM,23/10/2022 09:24 PM,43.7691214531525
24/10/2022 03:00 AM,23/10/2022 09:30 PM,50.21391453005752
24/10/2022 03:06 AM,23/10/2022 09:36 PM,51.53491615966485
24/10/2022 03:12 AM,23/10/2022 09:42 PM,54.54100219878071
24/10/2022 03:18 AM,23/10/2022 09:48 PM,53.42213534971921
24/10/2022 03:24 AM,23/10/2022 09:54 PM,50.363882069801356
24/10/2022 03:30 AM,23/10/2022 10:00 PM,49.285197993897306
24/10/2022 03:36 AM,23/10/2022 10:06 PM,46.21744903272309
24/10/2022 03:42 AM,23/10/2022 10:12 PM,44.92155002628411
24/10/2022 03:48 AM,23/10/2022 10:18 PM,49.312647506280506
24/10/2022 03:54 AM,23/10/2022 10:24 PM,61.788460866451985
24/10/2022 04:00 AM,23/10/2022 10:30 PM,50.4788745791984
24/10/2022 04:06 AM,23/10/2022 10:36 PM,48.1809384913016
24/10/2022 04:12 AM,23/10/2022 10:42 PM,49.982249456324496
24/10/2022 04:18 AM,23/10/2022 10:48 PM,48.909400034727064
24/10/2022 04:24 AM,23/10/2022 10:54 PM,39.137407370982345
24/10/2022 04:30 AM,23/10/2022 11:00 PM,54.298417460064755
24/10/2022 04:36 AM,23/10/2022 11:06 PM,53.81069837512398
24/10/2022 04:42 AM,23/10/2022 11:12 PM,52.07871102487203
24/10/2022 04:48 AM,23/10/2022 11:18 PM,49.351825714087184
24/10/2022 04:54 AM,23/10/2022 11:24 PM,51.31183428035645
24/10/2022 05:00 AM,23/10/2022 11:30 PM,46.700194042224936
24/10/2022 05:06 AM,23/10/2022 11:36 PM,45.6455624323792
24/10/2022 05:12 AM,23/10/2022 11:42 PM,47.89510041018896
24/10/2022 05:18 AM,23/10/2022 11:48 PM,53.22604782608981
24/10/2022 05:24 AM,23/10/2022 11:54 PM,60.94988505944982
24/10/2022 05:30 AM,24/10/2022 12:00 AM,48.65575071235097
24/10/2022 05:36 AM,24/10/2022 12:06 AM,46.2457529515348
24/10/2022 05:42 AM,24/10/2022 12:12 AM,48.86940794460648
24/10/2022 05:48 AM,24/10/2022 12:18 AM,48.95304692273857
24/10/2022 05:54 AM,24/10/2022 12:24 AM,49.18305901346387
24/10/2022 06:00 AM,24/10/2022 12:30 AM,52.044648656126554
24/10/2022 06:06 AM,24/10/2022 12:36 AM,56.01500152356751
24/10/2022 06:12 AM,24/10/2022 12:42 AM,51.44214472928577
24/10/2022 06:18 AM,24/10/2022 12:48 AM,49.51932701615051
24/10/2022 06:24 AM,24/10/2022 12:54 AM,45.24461993224544
24/10/2022 06:30 AM,24/10/2022 01:00 AM,45.29340528549607
24/10/2022 06:36 AM,24/10/2022 01:06 AM,51.29398874066557
24/10/2022 06:42 AM,24/10/2022 01:12 AM,51.52170574588963
24/10/2022 06:48 AM,24/10/2022 01:18 AM,50.22705652433784
24/10/2022 06:54 AM,24/10/2022 01:24 AM,53.07038272339283
24/10/2022 07:00 AM,24/10/2022 01:30 AM,52.31882153603899
24/10/2022 07:06 AM,24/10/2022 01:36 AM,40.604213003688116
24/10/2022 07:12 AM,24/10/2022 01:42 AM,46.115952183489675
24/10/2022 07:18 AM,24/10/2022 01:48 AM,51.77885435533392
24/10/2022 07:24 AM,24/10/2022 01:54 AM,52.40719181070917
24/10/2022 07:30 AM,24/10/2022 02:00 AM,52.54254256258446
24/10/2022 07:36 AM,24/10/2022 02:06 AM,52.95119820003714
24/10/2022 07:42 AM,24/10/2022 02:12 AM,51.32528392214374
24/10/2022 07:48 AM,24/10/2022 02:18 AM,47.355697610284146
24/10/2022 07:54 AM,24/10/2022 02:24 AM,46.27728244491604
24/10/2022 08:00 AM,24/10/2022 02:30 AM,47.55982002097697
24/10/2022 08:06 AM,24/10/2022 02:36 AM,48.737529109497736
24/10/2022 08:12 AM,24/10/2022 02:42 AM,61.90398660320562
24/10/2022 08:18 AM,24/10/2022 02:48 AM,50.891284801792565
24/10/2022 08:24 AM,24/10/2022 02:54 AM,48.487393852368186
24/10/2022 08:30 AM,24/10/2022 03:00 AM,47.08786719413506
24/10/2022 08:36 AM,24/10/2022 03:06 AM,49.21528976869479
24/10/2022 08:42 AM,24/10/2022 03:12 AM,44.07624149950436
24/10/2022 08:48 AM,24/10/2022 03:18 AM,51.363415679059514
24/10/2022 08:54 AM,24/10/2022 03:24 AM,53.772614716734026
24/10/2022 09:00 AM,24/10/2022 03:30 AM,54.72136710198761
24/10/2022 09:06 AM,24/10/2022 03:36 AM,49.47740531640285
24/10/2022 09:12 AM,24/10/2022 03:42 AM,49.178233589379424
24/10/2022 09:18 AM,24/10/2022 03:48 AM,41.975258487834054
24/10/2022 09:24 AM,24/10/2022 03:54 AM,49.465939785313466
24/10/2022 09:30 AM,24/10/2022 04:00 AM,49.27383509334378
24/10/2022 09:36 AM,24/10/2022 04:06 AM,52.87422860243443
24/10/2022 09:42 AM,24/10/2022 04:12 AM,52.2918425619449
24/10/2022 09:48 AM,24/10/2022 04:18 AM,53.94291515823828
24/10/2022 09:54 AM,24/10/2022 04:24 AM,45.486700293282965
24/10/2022 10:00 AM,24/10/2022 04:30 AM,47.26600117873874
24/10/2022 10:06 AM,24/10/2022 04:36 AM,47.99911747989671
24/10/2022 10:12 AM,24/10/2022 04:42 AM,50.46405906958868
24/10/2022 10:18 AM,24/10/2022 04:48 AM,52.961678975373026
24/10/2022 10:24 AM,24/10/2022 04:54 AM,56.292531483230746
24/10/2022 10:30 AM,24/10/2022 05:00 AM,49.61955243295957
24/10/2022 10:36 AM,24/10/2022 05:06 AM,48.99849906607203
24/10/2022 10:42 AM,24/10/2022 05:12 AM,46.862160080496
24/10/2022 10:48 AM,24/10/2022 05:18 AM,45.6161051027751
24/10/2022 10:54 AM,24/10/2022 05:24 AM,52.23188210618167
24/10/2022 11:00 AM,24/10/2022 05:30 AM,54.63494503615817
24/10/2022 11:06 AM,24/10/2022 05:36 AM,51.345560268496726
24/10/2022 11:12 AM,24/10/2022 05:42 AM,50.40773583670133
24/10/2022 11:18 AM,24/10/2022 05:48 AM,51.39838565803065
24/10/2022 11:24 AM,24/10/2022 05:54 AM,47.37884428713861
24/10/2022 11:30 AM,24/10/2022 06:00 AM,41.568842549683694
24/10/2022 11:36 AM,24/10/2022 06:06 AM,50.978033883363985
24/10/2022 11:42 AM,24/10/2022 06:12 AM,54.129027507786645
24/10/2022 11:48 AM,24/10/2022 06:18 AM,52.664739240690075
24/10/2022 11:54 AM,24/10/2022 06:24 AM,52.943108052291805
24/10/2022 12:00 PM,24/10/2022 06:30 AM,44.72157589430294
24/10/2022 12:06 PM,24/10/2022 06:36 AM,47.356513621478136
24/10/2022 12:12 PM,24/10/2022 06:42 AM,47.765866735017376
24/10/2022 12:18 PM,24/10/2022 06:48 AM,49.45171085118532
24/10/2022 12:24 PM,24/10/2022 06:54 AM,50.21950271802306
24/10/2022 12:30 PM,24/10/2022 07:00 AM,60.73516702443882
24/10/2022 12:36 PM,24/10/2022 07:06 AM,51.359681742804035
24/10/2022 12:42 PM,24/10/2022 07:12 AM,47.18476256734972
24/10/2022 12:48 PM,24/10/2022 07:18 AM,48.64932720987287
24/10/2022 12:54 PM,24/10/2022 07:24 AM,47.502506151439114
24/10/2022 01:00 PM,24/10/2022 07:30 AM,47.957173051981826
24/10/2022 01:06 PM,24/10/2022 07:36 AM,53.372215394880484
24/10/2022 01:12 PM,24/10/2022 07:42 AM,54.93102168611282
24/10/2022 01:18 PM,24/10/2022 07:48 AM,51.30985684609074
24/10/2022 01:24 PM,24/10/2022 07:54 AM,50.18152580432927
24/10/2022 01:30 PM,24/10/2022 08:00 AM,46.973829072278335
24/10/2022 01:36 PM,24/10/2022 08:06 AM,44.00987865086044
24/10/2022 01:42 PM,24/10/2022 08:12 AM,48.48456016932194
24/10/2022 01:48 PM,24/10/2022 08:18 AM,52.33661007461335
24/10/2022 01:54 PM,24/10/2022 08:24 AM,51.47698263798242
24/10/2022 02:00 PM,24/10/2022 08:30 AM,54.66459711915471
24/10/2022 02:06 PM,24/10/2022 08:36 AM,49.065318160754586
24/10/2022 02:12 PM,24/10/2022 08:42 AM,46.188974278092005
24/10/2022 02:18 PM,24/10/2022 08:48 AM,48.50969101663458
24/10/2022 02:24 PM,24/10/2022 08:54 AM,48.638923932663815
24/10/2022 02:30 PM,24/10/2022 09:00 AM,50.02634765025522
24/10/2022 02:36 PM,24/10/2022 09:06 AM,57.4224922203053
24/10/2022 02:42 PM,24/10/2022 09:12 AM,53.180295981308554
24/10/2022 02:48 PM,24/10/2022 09:18 AM,48.46932810553245
24/10/2022 02:54 PM,24/10/2022 09:24 AM,48.108356300871904
24/10/2022 03:00 PM,24/10/2022 09:30 AM,46.00735010642353
24/10/2022 03:06 PM,24/10/2022 09:36 AM,47.70221556114892
24/10/2022 03:12 PM,24/10/2022 09:42 AM,52.58018649203586
24/10/2022 03:18 PM,24/10/2022 09:48 AM,53.40044294402421
24/10/2022 03:24 PM,24/10/2022 09:54 AM,51.1807136785901
24/10/2022 03:30 PM,24/10/2022 10:00 AM,52.19173800679569
24/10/2022 03:36 PM,24/10/2022 10:06 AM,49.358309858776764
24/10/2022 03:42 PM,24/10/2022 10:12 AM,40.46287043849399
24/10/2022 03:48 PM,24/10/2022 10:18 AM,48.663433316906165
24/10/2022 03:54 PM,24/10/2022 10:24 AM,52.92715540188091
24/10/2022 04:00 PM,24/10/2022 10:30 AM,51.12825148429474
24/10/2022 04:06 PM,24/10/2022 10:36 AM,52.48675091052269
24/10/2022 04:12 PM,24/10/2022 10:42 AM,52.53163032552792
24/10/2022 04:18 PM,24/10/2022 10:48 AM,47.65452142584345
24/10/2022 04:24 PM,24/10/2022 10:54 AM,40.81138369844139
24/10/2022 04:30 PM,24/10/2022 11:00 AM,46.46022805573932
24/10/2022 04:36 PM,24/10/2022 11:06 AM,49.9145464718009
24/10/2022 04:42 PM,24/10/2022 11:12 AM,57.85874914131902
24/10/2022 04:48 PM,24/10/2022 11:18 AM,52.36060499323296
24/10/2022 04:54 PM,24/10/2022 11:24 AM,49.641302000312926
24/10/2022 05:00 PM,24/10/2022 11:30 AM,50.31181153492962
24/10/2022 05:06 PM,24/10/2022 11:36 AM,45.98398335973064
24/10/2022 05:12 PM,24/10/2022 11:42 AM,42.557563837678416
24/10/2022 05:18 PM,24/10/2022 11:48 AM,52.72592970569595
24/10/2022 05:24 PM,24/10/2022 11:54 AM,52.886196253871375
24/10/2022 05:30 PM,24/10/2022 12:00 PM,51.877478035572416
24/10/2022 05:36 PM,24/10/2022 12:06 PM,52.0574845329696
24/10/2022 05:42 PM,24/10/2022 12:12 PM,42.7747547982011
24/10/2022 05:48 PM,24/10/2022 12:18 PM,45.38254107164708
24/10/2022 05:54 PM,24/10/2022 12:24 PM,47.9865132790615
24/10/2022 06:00 PM,24/10/2022 12:30 PM,49.01943521617058
24/10/2022 06:06 PM,24/10/2022 12:36 PM,52.916998144332275
24/10/2022 06:12 PM,24/10/2022 12:42 PM,53.57202630605207
24/10/2022 06:18 PM,24/10/2022 12:48 PM,53.749895024971295
24/10/2022 06:24 PM,24/10/2022 12:54 PM,47.78807831885653
24/10/2022 06:30 PM,24/10/2022 01:00 PM,49.63251691089943
24/10/2022 06:36 PM,24/10/2022 01:06 PM,46.31245521911654
24/10/2022 06:42 PM,24/10/2022 01:12 PM,47.433213044200535
24/10/2022 06:48 PM,24/10/2022 01:18 PM,56.680547168404274
24/10/2022 06:54 PM,24/10/2022 01:24 PM,54.01580591978744
24/10/2022 07:00 PM,24/10/2022 01:30 PM,49.481867948433425
24/10/2022 07:06 PM,24/10/2022 01:36 PM,50.40719987365595
24/10/2022 07:12 PM,24/10/2022 01:42 PM,47.95350671205501
24/10/2022 07:18 PM,24/10/2022 01:48 PM,42.57247881713434
24/10/2022 07:24 PM,24/10/2022 01:54 PM,49.71549168505193
24/10/2022 07:30 PM,24/10/2022 02:00 PM,51.86044775593179
24/10/2022 07:36 PM,24/10/2022 02:06 PM,53.31136909452117
24/10/2022 07:42 PM,24/10/2022 02:12 PM,53.26180382190218
24/10/2022 07:48 PM,24/10/2022 02:18 PM,46.290041701752614
24/10/2022 07:54 PM,24/10/2022 02:24 PM,44.071165731746355
24/10/2022 08:00 PM,24/10/2022 02:30 PM,48.86177289312698
24/10/2022 08:06 PM,24/10/2022 02:36 PM,47.1632340371796
24/10/2022 08:12 PM,24/10/2022 02:42 PM,50.75855880037257
24/10/2022 08:18 PM,24/10/2022 02:48 PM,61.34806060940948
24/10/2022 08:24 PM,24/10/2022 02:54 PM,49.55951599836189
24/10/2022 08:30 PM,24/10/2022 03:00 PM,47.755387012188756
24/10/2022 08:36 PM,24/10/2022 03:06 PM,48.54484853806848
24/10/2022 08:42 PM,24/10/2022 03:12 PM,46.956672754967784
24/10/2022 08:48 PM,24/10/2022 03:18 PM,46.60653074205231
24/10/2022 08:54 PM,24/10/2022 03:24 PM,51.98175887335299
24/10/2022 09:00 PM,24/10/2022 03:30 PM,54.25577513999493
24/10/2022 09:06 PM,24/10/2022 03:36 PM,52.17598600084417
24/10/2022 09:12 PM,24/10/2022 03:42 PM,51.224837999633664
24/10/2022 09:18 PM,24/10/2022 03:48 PM,46.579217139754654
24/10/2022 09:24 PM,24/10/2022 03:54 PM,46.02507140451985
24/10/2022 09:30 PM,24/10/2022 04:00 PM,50.048353506892006
24/10/2022 09:36 PM,24/10/2022 04:06 PM,54.55940382252741
24/10/2022 09:42 PM,24/10/2022 04:12 PM,51.76262454160902
24/10/2022 09:48 PM,24/10/2022 04:18 PM,54.3620976937377
24/10/2022 09:54 PM,24/10/2022 04:24 PM,51.337911333209185
24/10/2022 10:00 PM,24/10/2022 04:30 PM,45.07603004620721
24/10/2022 10:06 PM,24/10/2022 04:36 PM,48.57780828022303
24/10/2022 10:12 PM,24/10/2022 04:42 PM,48.494282350145696
24/10/2022 10:18 PM,24/10/2022 04:48 PM,50.260502024627485
24/10/2022 10:24 PM,24/10/2022 04:54 PM,55.5720378620425
24/10/2022 10:30 PM,24/10/2022 05:00 PM,54.029239266149055
24/10/2022 10:36 PM,24/10/2022 05:06 PM,49.92750162145738
24/10/2022 10:42 PM,24/10/2022 05:12 PM,47.83305061237128
24/10/2022 10:48 PM,24/10/2022 05:18 PM,47.06811999285674
24/10/2022 10:54 PM,24/10/2022 05:24 PM,46.024651366927266
24/10/2022 11:00 PM,24/10/2022 05:30 PM,53.85243408568783
24/10/2022 11:06 PM,24/10/2022 05:36 PM,52.48647772404128
24/10/2022 11:12 PM,24/10/2022 05:42 PM,52.76974212021573
24/10/2022 11:18 PM,24/10/2022 05:48 PM,49.85233675288625
24/10/2022 11:24 PM,24/10/2022 05:54 PM,49.97752602888015
24/10/2022 11:30 PM,24/10/2022 06:00 PM,48.70136029493204
24/10/2022 11:36 PM,24/10/2022 06:06 PM,41.70326943214258
24/10/2022 11:42 PM,24/10/2022 06:12 PM,50.43328714798053
24/10/2022 11:48 PM,24/10/2022 06:18 PM,53.690127889854445
24/10/2022 11:54 PM,24/10/2022 06:24 PM,54.366775086278984
25/10/2022 12:00 AM,24/10/2022 06:30 PM,50.235914520917845
25/10/2022 12:06 AM,24/10/2022 06:36 PM,44.43372170729462
25/10/2022 12:12 AM,24/10/2022 06:42 PM,47.78765799451495
25/10/2022 12:18 AM,24/10/2022 06:48 PM,49.602578448190705
25/10/2022 12:24 AM,24/10/2022 06:54 PM,45.65715192501207
25/10/2022 12:30 AM,24/10/2022 07:00 PM,51.165668326209406
25/10/2022 12:36 AM,24/10/2022 07:06 PM,52.927763805125224
25/10/2022 12:42 AM,24/10/2022 07:12 PM,57.20893539158002
25/10/2022 12:48 AM,24/10/2022 07:18 PM,45.83540741280425
25/10/2022 12:54 AM,24/10/2022 07:24 PM,45.782211038693504
25/10/2022 01:00 AM,24/10/2022 07:30 PM,47.97161757230409
25/10/2022 01:06 AM,24/10/2022 07:36 PM,49.39109020862133
25/10/2022 01:12 AM,24/10/2022 07:42 PM,53.81974385527858
25/10/2022 01:18 AM,24/10/2022 07:48 PM,54.561771179665655
25/10/2022 01:24 AM,24/10/2022 07:54 PM,51.63661788699001
25/10/2022 01:30 AM,24/10/2022 08:00 PM,49.04146381614571
25/10/2022 01:36 AM,24/10/2022 08:06 PM,49.34677598826498
25/10/2022 01:42 AM,24/10/2022 08:12 PM,47.67504970405694
25/10/2022 01:48 AM,24/10/2022 08:18 PM,45.25893706587325
25/10/2022 01:54 AM,24/10/2022 08:24 PM,56.22359187871672
25/10/2022 02:00 AM,24/10/2022 08:30 PM,54.65457190619632
25/10/2022 02:06 AM,24/10/2022 08:36 PM,51.46818075888717
25/10/2022 02:12 AM,24/10/2022 08:42 PM,46.83879433868625
25/10/2022 02:18 AM,24/10/2022 08:48 PM,47.079362803198315
25/10/2022 02:24 AM,24/10/2022 08:54 PM,46.500390073082585
25/10/2022 02:30 AM,24/10/2022 09:00 PM,50.41516387845136
25/10/2022 02:36 AM,24/10/2022 09:06 PM,49.40033986060113
25/10/2022 02:42 AM,24/10/2022 09:12 PM,52.447772794716215
25/10/2022 02:48 AM,24/10/2022 09:18 PM,52.81122417979297
25/10/2022 02:54 AM,24/10/2022 09:24 PM,51.13787058325618
25/10/2022 03:00 AM,24/10/2022 09:30 PM,41.37513413077892
25/10/2022 03:06 AM,24/10/2022 09:36 PM,47.220518655907654
25/10/2022 03:12 AM,24/10/2022 09:42 PM,50.626934832941195
25/10/2022 03:18 AM,24/10/2022 09:48 PM,52.17978333757272
25/10/2022 03:24 AM,24/10/2022 09:54 PM,54.857265070117634
25/10/2022 03:30 AM,24/10/2022 10:00 PM,52.5256247765995
25/10/2022 03:36 AM,24/10/2022 10:06 PM,47.50352430798913
25/10/2022 03:42 AM,24/10/2022 10:12 PM,47.65397558807077
25/10/2022 03:48 AM,24/10/2022 10:18 PM,48.79125988050968
25/10/2022 03:54 AM,24/10/2022 10:24 PM,48.00832080910088
25/10/2022 04:00 AM,24/10/2022 10:30 PM,48.58923838634512
25/10/2022 04:06 AM,24/10/2022 10:36 PM,52.95542715942729
25/10/2022 04:12 AM,24/10/2022 10:42 PM,59.874165122345445
25/10/2022 04:18 AM,24/10/2022 10:48 PM,48.61307749178386
25/10/2022 04:24 AM,24/10/2022 10:54 PM,45.46333920289691
25/10/2022 04:30 AM,24/10/2022 11:00 PM,47.70238795672015
25/10/2022 04:36 AM,24/10/2022 11:06 PM,48.14272562692052
25/10/2022 04:42 AM,24/10/2022 11:12 PM,54.55419725665723
25/10/2022 04:48 AM,24/10/2022 11:18 PM,50.973883723985914
25/10/2022 04:54 AM,24/10/2022 11:24 PM,53.01227933408499
25/10/2022 05:00 AM,24/10/2022 11:30 PM,51.01483944230389
25/10/2022 05:06 AM,24/10/2022 11:36 PM,47.8636545031775
25/10/2022 05:12 AM,24/10/2022 11:42 PM,47.63797009067529
25/10/2022 05:18 AM,24/10/2022 11:48 PM,43.770332949912415
25/10/2022 05:24 AM,24/10/2022 11:54 PM,52.86471054598015
25/10/2022 05:30 AM,25/10/2022 12:00 AM,52.285670157072765
25/10/2022 05:36 AM,25/10/2022 12:06 AM,53.08730665997332
25/10/2022 05:42 AM,25/10/2022 12:12 AM,50.172331948787225
25/10/2022 05:48 AM,25/10/2022 12:18 AM,48.65516732238128
25/10/2022 05:54 AM,25/10/2022 12:24 AM,42.65827159509371
25/10/2022 06:00 AM,25/10/2022 12:30 AM,48.97642776863412
25/10/2022 06:06 AM,25/10/2022 12:36 AM,50.236864680571024
25/10/2022 06:12 AM,25/10/2022 12:42 AM,52.08221463055802
25/10/2022 06:18 AM,25/10/2022 12:48 AM,55.40173152898266
25/10/2022 06:24 AM,25/10/2022 12:54 AM,52.72882294590339
25/10/2022 06:30 AM,25/10/2022 01:00 AM,42.89154535087867
25/10/2022 06:36 AM,25/10/2022 01:06 AM,46.56047078439892
25/10/2022 06:42 AM,25/10/2022 01:12 AM,50.34618681754066
25/10/2022 06:48 AM,25/10/2022 01:18 AM,50.62117697691699
25/10/2022 06:54 AM,25/10/2022 01:24 AM,50.57109662756381
25/10/2022 07:00 AM,25/10/2022 01:30 AM,52.307718308485825
25/10/2022 07:06 AM,25/10/2022 01:36 AM,56.33586803026879
25/10/2022 07:12 AM,25/10/2022 01:42 AM,48.58001166901231
25/10/2022 07:18 AM,25/10/2022 01:48 AM,45.123097908474435
25/10/2022 07:24 AM,25/10/2022 01:54 AM,46.604245148667644
25/10/2022 07:30 AM,25/10/2022 02:00 AM,47.41981101140085
25/10/2022 07:36 AM,25/10/2022 02:06 AM,62.02179865508239
25/10/2022 07:42 AM,25/10/2022 02:12 AM,50.22181386198331
25/10/2022 07:48 AM,25/10/2022 02:18 AM,50.17465419712003
25/10/2022 07:54 AM,25/10/2022 02:24 AM,47.96654070689982
25/10/2022 08:00 AM,25/10/2022 02:30 AM,47.83445856965667
25/10/2022 08:06 AM,25/10/2022 02:36 AM,49.9099721019848
25/10/2022 08:12 AM,25/10/2022 02:42 AM,45.1446020375047
25/10/2022 08:18 AM,25/10/2022 02:48 AM,52.52563699624297
25/10/2022 08:24 AM,25/10/2022 02:54 AM,53.58324595191167
25/10/2022 08:30 AM,25/10/2022 03:00 AM,54.70783744439764
25/10/2022 08:36 AM,25/10/2022 03:06 AM,50.04491156489474
25/10/2022 08:42 AM,25/10/2022 03:12 AM,46.58144814187425
25/10/2022 08:48 AM,25/10/2022 03:18 AM,40.23997945541426
25/10/2022 08:54 AM,25/10/2022 03:24 AM,52.94236528668828
25/10/2022 09:00 AM,25/10/2022 03:30 AM,52.17364598524391
25/10/2022 09:06 AM,25/10/2022 03:36 AM,51.11703155549793
25/10/2022 09:12 AM,25/10/2022 03:42 AM,52.06359093281744
25/10/2022 09:18 AM,25/10/2022 03:48 AM,49.596456071132465
25/10/2022 09:24 AM,25/10/2022 03:54 AM,46.93057572732265
25/10/2022 09:30 AM,25/10/2022 04:00 AM,45.28182032946886
25/10/2022 09:36 AM,25/10/2022 04:06 AM,48.971432993853526
25/10/2022 09:42 AM,25/10/2022 04:12 AM,50.473940280435805
25/10/2022 09:48 AM,25/10/2022 04:18 AM,54.26418132869611
25/10/2022 09:54 AM,25/10/2022 04:24 AM,54.620220931545475
25/10/2022 10:00 AM,25/10/2022 04:30 AM,48.9584579189251
25/10/2022 10:06 AM,25/10/2022 04:36 AM,47.09264091904223
25/10/2022 10:12 AM,25/10/2022 04:42 AM,48.929080925061214
25/10/2022 10:18 AM,25/10/2022 04:48 AM,48.974250333485216
25/10/2022 10:24 AM,25/10/2022 04:54 AM,48.47734993547111
25/10/2022 10:30 AM,25/10/2022 05:00 AM,57.94607109541369
25/10/2022 10:36 AM,25/10/2022 05:06 AM,53.555612387784194
25/10/2022 10:42 AM,25/10/2022 05:12 AM,49.996827523657814
25/10/2022 10:48 AM,25/10/2022 05:18 AM,46.04837232044819
25/10/2022 10:54 AM,25/10/2022 05:24 AM,47.476514234377575
25/10/2022 11:00 AM,25/10/2022 05:30 AM,48.039464115211146
25/10/2022 11:06 AM,25/10/2022 05:36 AM,51.781352088367065
25/10/2022 11:12 AM,25/10/2022 05:42 AM,51.144378265287955
25/10/2022 11:18 AM,25/10/2022 05:48 AM,53.29617013389941
25/10/2022 11:24 AM,25/10/2022 05:54 AM,50.74182099029464
25/10/2022 11:30 AM,25/10/2022 06:00 AM,49.35508099359135
25/10/2022 11:36 AM,25/10/2022 06:06 AM,39.33402623403474
25/10/2022 11:42 AM,25/10/2022 06:12 AM,50.3573716795751
25/10/2022 11:48 AM,25/10/2022 06:18 AM,51.14092350037455
25/10/2022 11:54 AM,25/10/2022 06:24 AM,53.2260936356564
25/10/2022 12:00 PM,25/10/2022 06:30 AM,53.02382282388474
25/10/2022 12:06 PM,25/10/2022 06:36 AM,49.925593317081805
25/10/2022 12:12 PM,25/10/2022 06:42 AM,46.95779234781544
25/10/2022 12:18 PM,25/10/2022 06:48 AM,47.38552628901792
25/10/2022 12:24 PM,25/10/2022 06:54 AM,48.10284084797324
25/10/2022 12:30 PM,25/10/2022 07:00 AM,48.47873966219263
25/10/2022 12:36 PM,25/10/2022 07:06 AM,53.48700591329481
25/10/2022 12:42 PM,25/10/2022 07:12 AM,58.53509516407779
25/10/2022 12:48 PM,25/10/2022 07:18 AM,49.41535863396956
25/10/2022 12:54 PM,25/10/2022 07:24 AM,46.577617944679886
25/10/2022 01:00 PM,25/10/2022 07:30 AM,48.83656011132005
25/10/2022 01:06 PM,25/10/2022 07:36 AM,48.23318686508808
25/10/2022 01:12 PM,25/10/2022 07:42 AM,48.70395107364286
25/10/2022 01:18 PM,25/10/2022 07:48 AM,54.63179602021823
25/10/2022 01:24 PM,25/10/2022 07:54 AM,54.55888796405738
25/10/2022 01:30 PM,25/10/2022 08:00 AM,51.186807252444545
25/10/2022 01:36 PM,25/10/2022 08:06 AM,47.936539157410515
25/10/2022 01:42 PM,25/10/2022 08:12 AM,46.724347159066724
25/10/2022 01:48 PM,25/10/2022 08:18 AM,44.81184392686812
25/10/2022 01:54 PM,25/10/2022 08:24 AM,53.23694363103352
25/10/2022 02:00 PM,25/10/2022 08:30 AM,51.56502697125718
25/10/2022 02:06 PM,25/10/2022 08:36 AM,52.33470615308404
25/10/2022 02:12 PM,25/10/2022 08:42 AM,50.215062516599
25/10/2022 02:18 PM,25/10/2022 08:48 AM,51.695050462318726
25/10/2022 02:24 PM,25/10/2022 08:54 AM,41.33115399408891
25/10/2022 02:30 PM,25/10/2022 09:00 AM,47.87556772966774
25/10/2022 02:36 PM,25/10/2022 09:06 AM,49.31851124927018
25/10/2022 02:42 PM,25/10/2022 09:12 AM,54.45469400529505
25/10/2022 02:48 PM,25/10/2022 09:18 AM,54.77995314837226
25/10/2022 02:54 PM,25/10/2022 09:24 AM,51.676703311503424
25/10/2022 03:00 PM,25/10/2022 09:30 AM,44.805876754268624
25/10/2022 03:06 PM,25/10/2022 09:36 AM,49.669056891694105
25/10/2022 03:12 PM,25/10/2022 09:42 AM,48.32190206804804
25/10/2022 03:18 PM,25/10/2022 09:48 AM,47.47768871377532
25/10/2022 03:24 PM,25/10/2022 09:54 AM,50.22079286281495
25/10/2022 03:30 PM,25/10/2022 10:00 AM,61.7372390615923
25/10/2022 03:36 PM,25/10/2022 10:06 AM,50.743800764326224
25/10/2022 03:42 PM,25/10/2022 10:12 AM,46.60625353471208
25/10/2022 03:48 PM,25/10/2022 10:18 AM,46.51279631860536
25/10/2022 03:54 PM,25/10/2022 10:24 AM,45.66301661472902
25/10/2022 04:00 PM,25/10/2022 10:30 AM,49.65519868624985
25/10/2022 04:06 PM,25/10/2022 10:36 AM,54.51907281744247
25/10/2022 04:12 PM,25/10/2022 10:42 AM,52.554004554405296
25/10/2022 04:18 PM,25/10/2022 10:48 AM,51.18972074806588
25/10/2022 04:24 PM,25/10/2022 10:54 AM,51.99675428806624
25/10/2022 04:30 PM,25/10/2022 11:00 AM,49.989560461606175
25/10/2022 04:36 PM,25/10/2022 11:06 AM,45.82394949823309
25/10/2022 04:42 PM,25/10/2022 11:12 AM,42.97763750035183
25/10/2022 04:48 PM,25/10/2022 11:18 AM,54.54334612466086
25/10/2022 04:54 PM,25/10/2022 11:24 AM,54.31594843538079
25/10/2022 05:00 PM,25/10/2022 11:30 AM,50.69560492337488
25/10/2022 05:06 PM,25/10/2022 11:36 AM,50.347620596717526
25/10/2022 05:12 PM,25/10/2022 11:42 AM,45.26029297669158
25/10/2022 05:18 PM,25/10/2022 11:48 AM,47.89036599677509
25/10/2022 05:24 PM,25/10/2022 11:54 AM,46.79353702875235
25/10/2022 05:30 PM,25/10/2022 12:00 PM,50.7423758064725
25/10/2022 05:36 PM,25/10/2022 12:06 PM,51.92269136897177
25/10/2022 05:42 PM,25/10/2022 12:12 PM,53.63526599862238
25/10/2022 05:48 PM,25/10/2022 12:18 PM,50.87214152537855
25/10/2022 05:54 PM,25/10/2022 12:24 PM,47.172037368177584
25/10/2022 06:00 PM,25/10/2022 12:30 PM,46.74495739006301
25/10/2022 06:06 PM,25/10/2022 12:36 PM,49.21831081341287
25/10/2022 06:12 PM,25/10/2022 12:42 PM,51.800565573340336
25/10/2022 06:18 PM,25/10/2022 12:48 PM,50.546623629269774
25/10/2022 06:24 PM,25/10/2022 12:54 PM,57.00890936500909
25/10/2022 06:30 PM,25/10/2022 01:00 PM,51.03793933553858
25/10/2022 06:36 PM,25/10/2022 01:06 PM,49.17124464294153
25/10/2022 06:42 PM,25/10/2022 01:12 PM,45.15985751861906
25/10/2022 06:48 PM,25/10/2022 01:18 PM,47.476148106809035
25/10/2022 06:54 PM,25/10/2022 01:24 PM,53.43908097772854
25/10/2022 07:00 PM,25/10/2022 01:30 PM,53.524234099993826
25/10/2022 07:06 PM,25/10/2022 01:36 PM,50.442415045322136
25/10/2022 07:12 PM,25/10/2022 01:42 PM,51.301072059912244
25/10/2022 07:18 PM,25/10/2022 01:48 PM,49.089693275770045
25/10/2022 07:24 PM,25/10/2022 01:54 PM,47.4830669081086
25/10/2022 07:30 PM,25/10/2022 02:00 PM,42.069027046220846
25/10/2022 07:36 PM,25/10/2022 02:06 PM,51.99467115710688
25/10/2022 07:42 PM,25/10/2022 02:12 PM,52.916626527954314
25/10/2022 07:48 PM,25/10/2022 02:18 PM,53.09291390925016
25/10/2022 07:54 PM,25/10/2022 02:24 PM,52.4737030036483
25/10/2022 08:00 PM,25/10/2022 02:30 PM,44.2533792516592
25/10/2022 08:06 PM,25/10/2022 02:36 PM,47.24569386630241
25/10/2022 08:12 PM,25/10/2022 02:42 PM,48.22853638965407
25/10/2022 08:18 PM,25/10/2022 02:48 PM,50.35079115815654
25/10/2022 08:24 PM,25/10/2022 02:54 PM,50.1607224488749
25/10/2022 08:30 PM,25/10/2022 03:00 PM,53.91673659942069
25/10/2022 08:36 PM,25/10/2022 03:06 PM,55.04650455959691
25/10/2022 08:42 PM,25/10/2022 03:12 PM,47.95989845242793
25/10/2022 08:48 PM,25/10/2022 03:18 PM,45.44676993392634
25/10/2022 08:54 PM,25/10/2022 03:24 PM,48.943513889250085
25/10/2022 09:00 PM,25/10/2022 03:30 PM,50.206880535118884
25/10/2022 09:06 PM,25/10/2022 03:36 PM,50.63434608008278
25/10/2022 09:12 PM,25/10/2022 03:42 PM,56.229475836366916
25/10/2022 09:18 PM,25/10/2022 03:48 PM,52.81863113789154
25/10/2022 09:24 PM,25/10/2022 03:54 PM,49.54997763378687
25/10/2022 09:30 PM,25/10/2022 04:00 PM,46.49270531397084
25/10/2022 09:36 PM,25/10/2022 04:06 PM,46.524273514837645
25/10/2022 09:42 PM,25/10/2022 04:12 PM,50.09736857154013
25/10/2022 09:48 PM,25/10/2022 04:18 PM,52.54181990726621
25/10/2022 09:54 PM,25/10/2022 04:24 PM,51.831060312968326
25/10/2022 10:00 PM,25/10/2022 04:30 PM,51.351408300189064
25/10/2022 10:06 PM,25/10/2022 04:36 PM,48.38940169188847
25/10/2022 10:12 PM,25/10/2022 04:42 PM,49.846864785486126
25/10/2022 10:18 PM,25/10/2022 04:48 PM,41.55346614808968
25/10/2022 10:24 PM,25/10/2022 04:54 PM,49.70567303244441
25/10/2022 10:30 PM,25/10/2022 05:00 PM,51.0662627974855
25/10/2022 10:36 PM,25/10/2022 05:06 PM,55.45394303846494
25/10/2022 10:42 PM,25/10/2022 05:12 PM,54.19944815520675
25/10/2022 10:48 PM,25/10/2022 05:18 PM,44.48278285184024
25/10/2022 10:54 PM,25/10/2022 05:24 PM,46.86944675682181
25/10/2022 11:00 PM,25/10/2022 05:30 PM,50.18930251643782
25/10/2022 11:06 PM,25/10/2022 05:36 PM,49.38283200118036
25/10/2022 11:12 PM,25/10/2022 05:42 PM,49.397182951024845
25/10/2022 11:18 PM,25/10/2022 05:48 PM,51.588741192680075
25/10/2022 11:24 PM,25/10/2022 05:54 PM,60.328255034825006
25/10/2022 11:30 PM,25/10/2022 06:00 PM,48.19834917578745
25/10/2022 11:36 PM,25/10/2022 06:06 PM,45.44377693628891
25/10/2022 11:42 PM,25/10/2022 06:12 PM,46.1572217895536
25/10/2022 11:48 PM,25/10/2022 06:18 PM,46.82350829381387
25/10/2022 11:54 PM,25/10/2022 06:24 PM,52.19492262176734
26/10/2022 12:00 AM,25/10/2022 06:30 PM,56.80891753631776
26/10/2022 12:06 AM,25/10/2022 06:36 PM,51.63006888391526
26/10/2022 12:12 AM,25/10/2022 06:42 PM,49.878718721694575
26/10/2022 12:18 AM,25/10/2022 06:48 PM,51.05799405774978
26/10/2022 12:24 AM,25/10/2022 06:54 PM,48.022632980907446
26/10/2022 12:30 AM,25/10/2022 07:00 PM,40.90619245123696
26/10/2022 12:36 AM,25/10/2022 07:06 PM,52.5865709171955
26/10/2022 12:42 AM,25/10/2022 07:12 PM,55.894209644403894
26/10/2022 12:48 AM,25/10/2022 07:18 PM,52.37059704813315
26/10/2022 12:54 AM,25/10/2022 07:24 PM,49.36149684787074
26/10/2022 01:00 AM,25/10/2022 07:30 PM,48.423053188104646
26/10/2022 01:06 AM,25/10/2022 07:36 PM,45.41258690903309
26/10/2022 01:12 AM,25/10/2022 07:42 PM,47.23551325942238
26/10/2022 01:18 AM,25/10/2022 07:48 PM,48.9973030995393
26/10/2022 01:24 AM,25/10/2022 07:54 PM,52.050198885020734
26/10/2022 01:30 AM,25/10/2022 08:00 PM,52.623454493997635
26/10/2022 01:36 AM,25/10/2022 08:06 PM,53.77308832090607
26/10/2022 01:42 AM,25/10/2022 08:12 PM,46.16797181726055
26/10/2022 01:48 AM,25/10/2022 08:18 PM,47.160565794275996
26/10/2022 01:54 AM,25/10/2022 08:24 PM,48.43912115183207
26/10/2022 02:00 AM,25/10/2022 08:30 PM,52.25399470916251
26/10/2022 02:06 AM,25/10/2022 08:36 PM,51.110723130675524
26/10/2022 02:12 AM,25/10/2022 08:42 PM,55.95711110478222
26/10/2022 02:18 AM,25/10/2022 08:48 PM,51.28638529849384
26/10/2022 02:24 AM,25/10/2022 08:54 PM,50.33590518922621
26/10/2022 02:30 AM,25/10/2022 09:00 PM,45.53419952363477
26/10/2022 02:36 AM,25/10/2022 09:06 PM,46.10889931661368
26/10/2022 02:42 AM,25/10/2022 09:12 PM,52.55498057397773
26/10/2022 02:48 AM,25/10/2022 09:18 PM,54.201854138016344
26/10/2022 02:54 AM,25/10/2022 09:24 PM,50.45311316897299
26/10/2022 03:00 AM,25/10/2022 09:30 PM,50.50583338111158
26/10/2022 03:06 AM,25/10/2022 09:36 PM,49.64316267783849
26/10/2022 03:12 AM,25/10/2022 09:42 PM,47.46651515998156
26/10/2022 03:18 AM,25/10/2022 09:48 PM,42.33936386483519
26/10/2022 03:24 AM,25/10/2022 09:54 PM,50.63982608520744
26/10/2022 03:30 AM,25/10/2022 10:00 PM,53.09954898971897
26/10/2022 03:36 AM,25/10/2022 10:06 PM,53.16207977514093
26/10/2022 03:42 AM,25/10/2022 10:12 PM,53.589186625558135
26/10/2022 03:48 AM,25/10/2022 10:18 PM,49.05882830684505
26/10/2022 03:54 AM,25/10/2022 10:24 PM,42.150288676923545
26/10/2022 04:00 AM,25/10/2022 10:30 PM,48.07516306618205
26/10/2022 04:06 AM,25/10/2022 10:36 PM,50.74381479643479
26/10/2022 04:12 AM,25/10/2022 10:42 PM,50.02259862328496
26/10/2022 04:18 AM,25/10/2022 10:48 PM,52.73569296820466
26/10/2022 04:24 AM,25/10/2022 10:54 PM,56.49324804555471
26/10/2022 04:30 AM,25/10/2022 11:00 PM,48.898541440801225
26/10/2022 04:36 AM,25/10/2022 11:06 PM,45.32358224898919
26/10/2022 04:42 AM,25/10/2022 11:12 PM,47.60655533274149
26/10/2022 04:48 AM,25/10/2022 11:18 PM,49.805689046608734
26/10/2022 04:54 AM,25/10/2022 11:24 PM,50.08387278886022
26/10/2022 05:00 AM,25/10/2022 11:30 PM,57.18212414443938
26/10/2022 05:06 AM,25/10/2022 11:36 PM,52.29184237589696
26/10/2022 05:12 AM,25/10/2022 11:42 PM,50.214917333775546
26/10/2022 05:18 AM,25/10/2022 11:48 PM,46.80512905749343
26/10/2022 05:24 AM,25/10/2022 11:54 PM,47.10638569307518
26/10/2022 05:30 AM,26/10/2022 12:00 AM,47.387278125955135
26/10/2022 05:36 AM,26/10/2022 12:06 AM,53.01527617813626
26/10/2022 05:42 AM,26/10/2022 12:12 AM,52.058122448570785
26/10/2022 05:48 AM,26/10/2022 12:18 AM,52.30046396748687
26/10/2022 05:54 AM,26/10/2022 12:24 AM,48.980279542351425
26/10/2022 06:00 AM,26/10/2022 12:30 AM,49.31310297453384
26/10/2022 06:06 AM,26/10/2022 12:36 AM,41.583961540544365
26/10/2022 06:12 AM,26/10/2022 12:42 AM,49.80874235109543
26/10/2022 06:18 AM,26/10/2022 12:48 AM,50.60311477616163
26/10/2022 06:24 AM,26/10/2022 12:54 AM,54.41527565442819
26/10/2022 06:30 AM,26/10/2022 01:00 AM,54.64649840773514
26/10/2022 06:36 AM,26/10/2022 01:06 AM,50.43579365374363
26/10/2022 06:42 AM,26/10/2022 01:12 AM,41.78423203898952
26/10/2022 06:48 AM,26/10/2022 01:18 AM,49.185100605135155
26/10/2022 06:54 AM,26/10/2022 01:24 AM,49.50994095212313
26/10/2022 07:00 AM,26/10/2022 01:30 AM,48.84459071439715
26/10/2022 07:06 AM,26/10/2022 01:36 AM,51.59662406980533
26/10/2022 07:12 AM,26/10/2022 01:42 AM,59.97283568643175
26/10/2022 07:18 AM,26/10/2022 01:48 AM,49.4299129678761
26/10/2022 07:24 AM,26/10/2022 01:54 AM,45.53283094637286
26/10/2022 07:30 AM,26/10/2022 02:00 AM,46.473103697823376
26/10/2022 07:36 AM,26/10/2022 02:06 AM,46.64752603667953
26/10/2022 07:42 AM,26/10/2022 02:12 AM,51.11410241877324
26/10/2022 07:48 AM,26/10/2022 02:18 AM,56.66228719278926
26/10/2022 07:54 AM,26/10/2022 02:24 AM,52.26435701845439
26/10/2022 08:00 AM,26/10/2022 02:30 AM,50.17326144433885
26/10/2022 08:06 AM,26/10/2022 02:36 AM,50.688806027908406
26/10/2022 08:12 AM,26/10/2022 02:42 AM,49.04012293054203
26/10/2022 08:18 AM,26/10/2022 02:48 AM,39.80430806548767
26/10/2022 08:24 AM,26/10/2022 02:54 AM,51.90203032616232
26/10/2022 08:30 AM,26/10/2022 03:00 AM,55.23777933485981
26/10/2022 08:36 AM,26/10/2022 03:06 AM,53.82588497948035
26/10/2022 08:42 AM,26/10/2022 03:12 AM,49.140171711277794
26/10/2022 08:48 AM,26/10/2022 03:18 AM,48.599111589122025
26/10/2022 08:54 AM,26/10/2022 03:24 AM,44.93843389135335
26/10/2022 09:00 AM,26/10/2022 03:30 AM,48.32471401543485
26/10/2022 09:06 AM,26/10/2022 03:36 AM,47.86625628933827
26/10/2022 09:12 AM,26/10/2022 03:42 AM,51.74997373120611
26/10/2022 09:18 AM,26/10/2022 03:48 AM,52.44875520470505
26/10/2022 09:24 AM,26/10/2022 03:54 AM,53.81755341502837
26/10/2022 09:30 AM,26/10/2022 04:00 AM,45.533930126258134
26/10/2022 09:36 AM,26/10/2022 04:06 AM,47.069005196490636
26/10/2022 09:42 AM,26/10/2022 04:12 AM,47.79770176878495
26/10/2022 09:48 AM,26/10/2022 04:18 AM,51.341016533181175
26/10/2022 09:54 AM,26/10/2022 04:24 AM,53.259926690027875
26/10/2022 10:00 AM,26/10/2022 04:30 AM,54.239474391367665
26/10/2022 10:06 AM,26/10/2022 04:36 AM,51.13324934086764
26/10/2022 10:12 AM,26/10/2022 04:42 AM,50.404417304988506
26/10/2022 10:18 AM,26/10/2022 04:48 AM,48.08117588594174
26/10/2022 10:24 AM,26/10/2022 04:54 AM,44.80304304650265
26/10/2022 10:30 AM,26/10/2022 05:00 AM,47.94752128747217
26/10/2022 10:36 AM,26/10/2022 05:06 AM,58.623115549590516
26/10/2022 10:42 AM,26/10/2022 05:12 AM,52.83543848871932
26/10/2022 10:48 AM,26/10/2022 05:18 AM,48.86707730851974
26/10/2022 10:54 AM,26/10/2022 05:24 AM,49.44551964826756
26/10/2022 11:00 AM,26/10/2022 05:30 AM,47.6607836636684
26/10/2022 11:06 AM,26/10/2022 05:36 AM,44.806428999224295
26/10/2022 11:12 AM,26/10/2022 05:42 AM,47.977848602458245
26/10/2022 11:18 AM,26/10/2022 05:48 AM,52.8876266758125
26/10/2022 11:24 AM,26/10/2022 05:54 AM,53.28259688845486
26/10/2022 11:30 AM,26/10/2022 06:00 AM,53.376255685404146
26/10/2022 11:36 AM,26/10/2022 06:06 AM,51.671343923511145
26/10/2022 11:42 AM,26/10/2022 06:12 AM,39.840222969781465
26/10/2022 11:48 AM,26/10/2022 06:18 AM,48.17855261702927
26/10/2022 11:54 AM,26/10/2022 06:24 AM,50.44448095838577
26/10/2022 12:00 PM,26/10/2022 06:30 AM,51.89671233671277
26/10/2022 12:06 PM,26/10/2022 06:36 AM,50.8355567034511
26/10/2022 12:12 PM,26/10/2022 06:42 AM,53.4834825704904
26/10/2022 12:18 PM,26/10/2022 06:48 AM,51.72638839592703
26/10/2022 12:24 PM,26/10/2022 06:54 AM,47.10298609749875
26/10/2022 12:30 PM,26/10/2022 07:00 AM,45.1829012363815
26/10/2022 12:36 PM,26/10/2022 07:06 AM,49.35828039465038
26/10/2022 12:42 PM,26/10/2022 07:12 AM,50.885271976885825
26/10/2022 12:48 PM,26/10/2022 07:18 AM,58.805366129735724
26/10/2022 12:54 PM,26/10/2022 07:24 AM,49.76153613118556
26/10/2022 01:00 PM,26/10/2022 07:30 AM,50.898557297794845
26/10/2022 01:06 PM,26/10/2022 07:36 AM,47.99459684611513
26/10/2022 01:12 PM,26/10/2022 07:42 AM,46.61835300283407
26/10/2022 01:18 PM,26/10/2022 07:48 AM,47.66923436282705
26/10/2022 01:24 PM,26/10/2022 07:54 AM,52.98528561828669
26/10/2022 01:30 PM,26/10/2022 08:00 AM,53.02494127945232
26/10/2022 01:36 PM,26/10/2022 08:06 AM,51.91568402029236
26/10/2022 01:42 PM,26/10/2022 08:12 AM,50.63604650509175
26/10/2022 01:48 PM,26/10/2022 08:18 AM,47.218278763369284
26/10/2022 01:54 PM,26/10/2022 08:24 AM,48.907302420980216
26/10/2022 02:00 PM,26/10/2022 08:30 AM,43.56157973805633
26/10/2022 02:06 PM,26/10/2022 08:36 AM,51.41493938508099
26/10/2022 02:12 PM,26/10/2022 08:42 AM,51.82692182590265
26/10/2022 02:18 PM,26/10/2022 08:48 AM,54.95951834908449
26/10/2022 02:24 PM,26/10/2022 08:54 AM,52.54048895603021
26/10/2022 02:30 PM,26/10/2022 09:00 AM,42.20283922406078
26/10/2022 02:36 PM,26/10/2022 09:06 AM,46.605932293493176
26/10/2022 02:42 PM,26/10/2022 09:12 AM,50.54654117842356
26/10/2022 02:48 PM,26/10/2022 09:18 AM,50.43781025912401
26/10/2022 02:54 PM,26/10/2022 09:24 AM,50.63807529264416
26/10/2022 03:00 PM,26/10/2022 09:30 AM,52.38590142546917
26/10/2022 03:06 PM,26/10/2022 09:36 AM,56.52477275723196
26/10/2022 03:12 PM,26/10/2022 09:42 AM,47.01395856464325
26/10/2022 03:18 PM,26/10/2022 09:48 AM,45.265753531028146
26/10/2022 03:24 PM,26/10/2022 09:54 AM,47.19313368568184
26/10/2022 03:30 PM,26/10/2022 10:00 AM,48.422624818850956
26/10/2022 03:36 PM,26/10/2022 10:06 AM,60.02098322812364
26/10/2022 03:42 PM,26/10/2022 10:12 AM,50.96471934754476
26/10/2022 03:48 PM,26/10/2022 10:18 AM,50.80574068552791
26/10/2022 03:54 PM,26/10/2022 10:24 AM,48.63112395915476
26/10/2022 04:00 PM,26/10/2022 10:30 AM,49.903252845552586
26/10/2022 04:06 PM,26/10/2022 10:36 AM,47.89757268179618
26/10/2022 04:12 PM,26/10/2022 10:42 AM,45.414515001911084
26/10/2022 04:18 PM,26/10/2022 10:48 AM,53.27863483092966
26/10/2022 04:24 PM,26/10/2022 10:54 AM,55.500493585424735
26/10/2022 04:30 PM,26/10/2022 11:00 AM,51.34015436771229
26/10/2022 04:36 PM,26/10/2022 11:06 AM,47.48960255921575
26/10/2022 04:42 PM,26/10/2022 11:12 AM,42.519276229193224
26/10/2022 04:48 PM,26/10/2022 11:18 AM,50.31710585050055
26/10/2022 04:54 PM,26/10/2022 11:24 AM,48.81460156648974
26/10/2022 05:00 PM,26/10/2022 11:30 AM,49.971121805247094
26/10/2022 05:06 PM,26/10/2022 11:36 AM,52.783708617741524
26/10/2022 05:12 PM,26/10/2022 11:42 AM,52.17679022377281
26/10/2022 05:18 PM,26/10/2022 11:48 AM,49.87055309325076
26/10/2022 05:24 PM,26/10/2022 11:54 AM,45.11257962048669
26/10/2022 05:30 PM,26/10/2022 12:00 PM,48.031785973121956
26/10/2022 05:36 PM,26/10/2022 12:06 PM,49.6250330548069
26/10/2022 05:42 PM,26/10/2022 12:12 PM,53.945524314782816
26/10/2022 05:48 PM,26/10/2022 12:18 PM,53.08629890781664
26/10/2022 05:54 PM,26/10/2022 12:24 PM,52.59242788017424
26/10/2022 06:00 PM,26/10/2022 12:30 PM,49.58821243952996
26/10/2022 06:06 PM,26/10/2022 12:36 PM,49.58829626864278
26/10/2022 06:12 PM,26/10/2022 12:42 PM,46.394869601291454
26/10/2022 06:18 PM,26/10/2022 12:48 PM,45.92326619055526
26/10/2022 06:24 PM,26/10/2022 12:54 PM,56.77059961950735
26/10/2022 06:30 PM,26/10/2022 01:00 PM,54.61968876661799
26/10/2022 06:36 PM,26/10/2022 01:06 PM,50.06350056484662
26/10/2022 06:42 PM,26/10/2022 01:12 PM,47.60536964927055
26/10/2022 06:48 PM,26/10/2022 01:18 PM,48.27385561375047
26/10/2022 06:54 PM,26/10/2022 01:24 PM,46.848355005013026
26/10/2022 07:00 PM,26/10/2022 01:30 PM,47.15885671914299
26/10/2022 07:06 PM,26/10/2022 01:36 PM,50.541512491913224
26/10/2022 07:12 PM,26/10/2022 01:42 PM,54.01584435903972
26/10/2022 07:18 PM,26/10/2022 01:48 PM,52.82555371787847
26/10/2022 07:24 PM,26/10/2022 01:54 PM,52.77935069427424
26/10/2022 07:30 PM,26/10/2022 02:00 PM,38.75879981581395
26/10/2022 07:36 PM,26/10/2022 02:06 PM,49.12061695848176
26/10/2022 07:42 PM,26/10/2022 02:12 PM,49.67126688461176
26/10/2022 07:48 PM,26/10/2022 02:18 PM,52.80495081798438
26/10/2022 07:54 PM,26/10/2022 02:24 PM,51.56654350122473
26/10/2022 08:00 PM,26/10/2022 02:30 PM,51.461302392597176
26/10/2022 08:06 PM,26/10/2022 02:36 PM,53.24227223651759
26/10/2022 08:12 PM,26/10/2022 02:42 PM,48.25185875018468
26/10/2022 08:18 PM,26/10/2022 02:48 PM,45.26086333175516
26/10/2022 08:24 PM,26/10/2022 02:54 PM,47.14008256058892
26/10/2022 08:30 PM,26/10/2022 03:00 PM,51.24970185278924
26/10/2022 08:36 PM,26/10/2022 03:06 PM,51.64138362895526
26/10/2022 08:42 PM,26/10/2022 03:12 PM,57.33860940717679
26/10/2022 08:48 PM,26/10/2022 03:18 PM,49.60893711856592
26/10/2022 08:54 PM,26/10/2022 03:24 PM,49.31459805059631
26/10/2022 09:00 PM,26/10/2022 03:30 PM,46.63923601162825
26/10/2022 09:06 PM,26/10/2022 03:36 PM,48.15282303983188
26/10/2022 09:12 PM,26/10/2022 03:42 PM,49.79745343468855
26/10/2022 09:18 PM,26/10/2022 03:48 PM,54.313998935387836
26/10/2022 09:24 PM,26/10/2022 03:54 PM,52.131161372690826
26/10/2022 09:30 PM,26/10/2022 04:00 PM,51.62614126641478
26/10/2022 09:36 PM,26/10/2022 04:06 PM,47.649530194526925
26/10/2022 09:42 PM,26/10/2022 04:12 PM,47.487186300599284
26/10/2022 09:48 PM,26/10/2022 04:18 PM,44.1777927289088
26/10/2022 09:54 PM,26/10/2022 04:24 PM,51.50497814660564
26/10/2022 10:00 PM,26/10/2022 04:30 PM,51.243574710825705
26/10/2022 10:06 PM,26/10/2022 04:36 PM,53.69930329933313
26/10/2022 10:12 PM,26/10/2022 04:42 PM,53.48513676154192
26/10/2022 10:18 PM,26/10/2022 04:48 PM,44.345872627985784
26/10/2022 10:24 PM,26/10/2022 04:54 PM,45.730303465002464
26/10/2022 10:30 PM,26/10/2022 05:00 PM,49.31014201363884
26/10/2022 10:36 PM,26/10/2022 05:06 PM,50.79274289071975
26/10/2022 10:42 PM,26/10/2022 05:12 PM,50.48136419792856
26/10/2022 10:48 PM,26/10/2022 05:18 PM,52.8078993595527
26/10/2022 10:54 PM,26/10/2022 05:24 PM,55.866888074261496
26/10/2022 11:00 PM,26/10/2022 05:30 PM,48.34651800904683
26/10/2022 11:06 PM,26/10/2022 05:36 PM,45.46099398025614
26/10/2022 11:12 PM,26/10/2022 05:42 PM,47.388603704210695
26/10/2022 11:18 PM,26/10/2022 05:48 PM,48.04267462070495
26/10/2022 11:24 PM,26/10/2022 05:54 PM,59.09508024924483
26/10/2022 11:30 PM,26/10/2022 06:00 PM,51.121470520417446
26/10/2022 11:36 PM,26/10/2022 06:06 PM,51.49165503241791
26/10/2022 11:42 PM,26/10/2022 06:12 PM,48.70339395280147
26/10/2022 11:48 PM,26/10/2022 06:18 PM,49.41164916221368
26/10/2022 11:54 PM,26/10/2022 06:24 PM,48.15747344876924
27/10/2022 12:00 AM,26/10/2022 06:30 PM,44.9365315831999
27/10/2022 12:06 AM,26/10/2022 06:36 PM,52.59140605920608
27/10/2022 12:12 AM,26/10/2022 06:42 PM,54.96502807994782
27/10/2022 12:18 AM,26/10/2022 06:48 PM,52.11475746284138
27/10/2022 12:24 AM,26/10/2022 06:54 PM,47.794001587748944
27/10/2022 12:30 AM,26/10/2022 07:00 PM,47.658815893687716
27/10/2022 12:36 AM,26/10/2022 07:06 PM,45.36378585199684
27/10/2022 12:42 AM,26/10/2022 07:12 PM,48.77516973227666
27/10/2022 12:48 AM,26/10/2022 07:18 PM,49.535125701914794
27/10/2022 12:54 AM,26/10/2022 07:24 PM,53.076014251783604
27/10/2022 01:00 AM,26/10/2022 07:30 PM,52.72452747851044
27/10/2022 01:06 AM,26/10/2022 07:36 PM,50.53351024170864
27/10/2022 01:12 AM,26/10/2022 07:42 PM,42.0367770116858
27/10/2022 01:18 AM,26/10/2022 07:48 PM,62.01343570454326
27/10/2022 01:24 AM,26/10/2022 07:54 PM,49.105376582658074
27/10/2022 01:30 AM,26/10/2022 08:00 PM,50.50155757634857
27/10/2022 01:36 AM,26/10/2022 08:06 PM,51.05604937125088
27/10/2022 01:42 AM,26/10/2022 08:12 PM,46.39722477503665
27/10/2022 01:48 AM,26/10/2022 08:18 PM,51.858370032510834
27/10/2022 01:54 AM,26/10/2022 08:24 PM,43.65892205748624
27/10/2022 02:00 AM,26/10/2022 08:30 PM,57.1194029953931
27/10/2022 02:06 AM,26/10/2022 08:36 PM,50.24373758372328
27/10/2022 02:12 AM,26/10/2022 08:42 PM,52.58179854170332
27/10/2022 02:18 AM,26/10/2022 08:48 PM,51.797450658091044
27/10/2022 02:24 AM,26/10/2022 08:54 PM,48.2056471653604
27/10/2022 02:30 AM,26/10/2022 09:00 PM,53.047684300849355
27/10/2022 02:36 AM,26/10/2022 09:06 PM,42.86440003892185
27/10/2022 02:42 AM,26/10/2022 09:12 PM,50.45286872626558
27/10/2022 02:48 AM,26/10/2022 09:18 PM,45.47904208874502
27/10/2022 02:54 AM,26/10/2022 09:24 PM,50.442972115871825
27/10/2022 03:00 AM,26/10/2022 09:30 PM,51.65261701777821
27/10/2022 03:06 AM,26/10/2022 09:36 PM,51.69343480895478
27/10/2022 03:12 AM,26/10/2022 09:42 PM,55.63269417611757
27/10/2022 03:18 AM,26/10/2022 09:48 PM,47.10158978720115
27/10/2022 03:24 AM,26/10/2022 09:54 PM,54.32145945986489
27/10/2022 03:30 AM,26/10/2022 10:00 PM,46.9555314509364
27/10/2022 03:36 AM,26/10/2022 10:06 PM,49.50961246101042
27/10/2022 03:42 AM,26/10/2022 10:12 PM,45.91883879172664
27/10/2022 03:48 AM,26/10/2022 10:18 PM,47.56954645129585
27/10/2022 03:54 AM,26/10/2022 10:24 PM,55.668106567817304
27/10/2022 04:00 AM,26/10/2022 10:30 PM,47.125624142076695
27/10/2022 04:06 AM,26/10/2022 10:36 PM,54.96879751954452
27/10/2022 04:12 AM,26/10/2022 10:42 PM,54.012092188025996
27/10/2022 04:18 AM,26/10/2022 10:48 PM,47.731094127403665
27/10/2022 04:24 AM,26/10/2022 10:54 PM,49.644548762977465
27/10/2022 04:30 AM,26/10/2022 11:00 PM,43.37806333408675
27/10/2022 04:36 AM,26/10/2022 11:06 PM,51.626946380688466
27/10/2022 04:42 AM,26/10/2022 11:12 PM,44.45718770483814
27/10/2022 04:48 AM,26/10/2022 11:18 PM,54.267466014066564
27/10/2022 04:54 AM,26/10/2022 11:24 PM,50.82149988682723
27/10/2022 05:00 AM,26/10/2022 11:30 PM,51.212772083151364
27/10/2022 05:06 AM,26/10/2022 11:36 PM,54.81349073844585
27/10/2022 05:12 AM,26/10/2022 11:42 PM,48.23093642951158
27/10/2022 05:18 AM,26/10/2022 11:48 PM,49.42919511205461
27/10/2022 05:24 AM,26/10/2022 11:54 PM,45.49084829140529
27/10/2022 05:30 AM,27/10/2022 12:00 AM,51.64872268690459
27/10/2022 05:36 AM,27/10/2022 12:06 AM,49.3239488864004
27/10/2022 05:42 AM,27/10/2022 12:12 AM,49.237166877797804
27/10/2022 05:48 AM,27/10/2022 12:18 AM,52.77882251148158
27/10/2022 05:54 AM,27/10/2022 12:24 AM,54.03783106557644
27/10/2022 06:00 AM,27/10/2022 12:30 AM,55.1851574676348
27/10/2022 06:06 AM,27/10/2022 12:36 AM,46.035720318829604
27/10/2022 06:12 AM,27/10/2022 12:42 AM,50.123259973518145
27/10/2022 06:18 AM,27/10/2022 12:48 AM,46.76947925461584
27/10/2022 06:24 AM,27/10/2022 12:54 AM,46.819111366845405
27/10/2022 06:30 AM,27/10/2022 01:00 AM,48.100385830913304
27/10/2022 06:36 AM,27/10/2022 01:06 AM,45.44766292667936
27/10/2022 06:42 AM,27/10/2022 01:12 AM,55.28993030957389
27/10/2022 06:48 AM,27/10/2022 01:18 AM,49.02609813312076
27/10/2022 06:54 AM,27/10/2022 01:24 AM,55.23458959055877
27/10/2022 07:00 AM,27/10/2022 01:30 AM,53.109232718584735
27/10/2022 07:06 AM,27/10/2022 01:36 AM,46.09747935866972
27/10/2022 07:12 AM,27/10/2022 01:42 AM,52.98491058931379
27/10/2022 07:18 AM,27/10/2022 01:48 AM,44.78023502517062
27/10/2022 07:24 AM,27/10/2022 01:54 AM,53.02942608222961
27/10/2022 07:30 AM,27/10/2022 02:00 AM,45.458629623072774
27/10/2022 07:36 AM,27/10/2022 02:06 AM,55.06626117984075
27/10/2022 07:42 AM,27/10/2022 02:12 AM,54.22268539940908
27/10/2022 07:48 AM,27/10/2022 02:18 AM,48.5626953992332
27/10/2022 07:54 AM,27/10/2022 02:24 AM,54.05370152769884
27/10/2022 08:00 AM,27/10/2022 02:30 AM,44.75976427623812
27/10/2022 08:06 AM,27/10/2022 02:36 AM,52.61741701144082
27/10/2022 08:12 AM,27/10/2022 02:42 AM,39.4634759759822
27/10/2022 08:18 AM,27/10/2022 02:48 AM,47.724433964055
27/10/2022 08:24 AM,27/10/2022 02:54 AM,50.397488944703305
27/10/2022 08:30 AM,27/10/2022 03:00 AM,47.66203281525947
27/10/2022 08:36 AM,27/10/2022 03:06 AM,56.00270208710176
27/10/2022 08:42 AM,27/10/2022 03:12 AM,54.040619643188585
27/10/2022 08:48 AM,27/10/2022 03:18 AM,53.3745589538128
27/10/2022 08:54 AM,27/10/2022 03:24 AM,48.59949198477392
27/10/2022 09:00 AM,27/10/2022 03:30 AM,49.86868649962893
27/10/2022 09:06 AM,27/10/2022 03:36 AM,50.61632414147181
27/10/2022 09:12 AM,27/10/2022 03:42 AM,45.45916742714329
27/10/2022 09:18 AM,27/10/2022 03:48 AM,50.02611633328545
27/10/2022 09:24 AM,27/10/2022 03:54 AM,48.07866007418619
27/10/2022 09:30 AM,27/10/2022 04:00 AM,55.12349561571101
27/10/2022 09:36 AM,27/10/2022 04:06 AM,49.83235834041578
27/10/2022 09:42 AM,27/10/2022 04:12 AM,50.89095702431776
27/10/2022 09:48 AM,27/10/2022 04:18 AM,52.51870531833157
27/10/2022 09:54 AM,27/10/2022 04:24 AM,43.96630476933912
27/10/2022 10:00 AM,27/10/2022 04:30 AM,51.392330829568515
27/10/2022 10:06 AM,27/10/2022 04:36 AM,43.135581107546926
27/10/2022 10:12 AM,27/10/2022 04:42 AM,51.17176132062787
27/10/2022 10:18 AM,27/10/2022 04:48 AM,48.00929428848501
27/10/2022 10:24 AM,27/10/2022 04:54 AM,57.08760714700552
27/10/2022 10:30 AM,27/10/2022 05:00 AM,54.742785485780225
27/10/2022 10:36 AM,27/10/2022 05:06 AM,47.559080018573376
27/10/2022 10:42 AM,27/10/2022 05:12 AM,55.78729027201067
27/10/2022 10:48 AM,27/10/2022 05:18 AM,46.82700088640595
27/10/2022 10:54 AM,27/10/2022 05:24 AM,52.687593894310865
27/10/2022 11:00 AM,27/10/2022 05:30 AM,39.421139786955784
27/10/2022 11:06 AM,27/10/2022 05:36 AM,48.09228932623479
27/10/2022 11:12 AM,27/10/2022 05:42 AM,54.082578056253794
27/10/2022 11:18 AM,27/10/2022 05:48 AM,47.12280328454959
27/10/2022 11:24 AM,27/10/2022 05:54 AM,55.33893804086226
27/10/2022 11:30 AM,27/10/2022 06:00 AM,51.05842039503084
27/10/2022 11:36 AM,27/10/2022 06:06 AM,51.541853634993174
27/10/2022 11:42 AM,27/10/2022 06:12 AM,48.827325217484734
27/10/2022 11:48 AM,27/10/2022 06:18 AM,45.55133375348656
27/10/2022 11:54 AM,27/10/2022 06:24 AM,50.0783071641087
27/10/2022 12:00 PM,27/10/2022 06:30 AM,43.79047828893501
27/10/2022 12:06 PM,27/10/2022 06:36 AM,56.58604034292096
27/10/2022 12:12 PM,27/10/2022 06:42 AM,48.06839940361718
27/10/2022 12:18 PM,27/10/2022 06:48 AM,53.110236479982674
27/10/2022 12:24 PM,27/10/2022 06:54 AM,52.535004983584486
27/10/2022 12:30 PM,27/10/2022 07:00 AM,50.916393172818125
27/10/2022 12:36 PM,27/10/2022 07:06 AM,52.37429237155498
27/10/2022 12:42 PM,27/10/2022 07:12 AM,43.66290654063555
27/10/2022 12:48 PM,27/10/2022 07:18 AM,52.399279470998046
27/10/2022 12:54 PM,27/10/2022 07:24 AM,46.40745182011181
27/10/2022 01:00 PM,27/10/2022 07:30 AM,51.140662174613524
27/10/2022 01:06 PM,27/10/2022 07:36 AM,49.87428686304518
27/10/2022 01:12 PM,27/10/2022 07:42 AM,50.82826565554167
27/10/2022 01:18 PM,27/10/2022 07:48 AM,56.537868989090086
27/10/2022 01:24 PM,27/10/2022 07:54 AM,46.7447800904895
27/10/2022 01:30 PM,27/10/2022 08:00 AM,37.42115044590258
